MP,GS,FG,FGA,FG%,3P,3PA,3P%,FT,FTA,FT%,ORB,DRB,TRB,AST,STL,BLK,TOV,PF,PTS,GmSc,Date,TSA,TS,Player_Name
34.0,1.0,8.0,19.0,0.421,3.0,10.0,0.3,3.0,5.0,0.6,1.0,12.0,13.0,2.0,0.0,2.0,2.0,4.0,22.0,14.6,2022-10-19,0.5188679245283019,24.0,kyle_kuzma
33.0,1.0,8.0,16.0,0.5,4.0,8.0,0.5,6.0,7.0,0.857,1.0,5.0,6.0,2.0,0.0,0.0,1.0,1.0,26.0,19.8,2022-10-21,0.6813417190775682,23.0,kyle_kuzma
37.0,1.0,4.0,8.0,0.5,1.0,2.0,0.5,2.0,4.0,0.5,0.0,2.0,2.0,3.0,0.0,2.0,0.0,4.0,11.0,8.7,2022-10-23,0.5635245901639344,12.0,kyle_kuzma
27.0,1.0,9.0,17.0,0.529,0.0,5.0,0.0,7.0,8.0,0.875,0.0,6.0,6.0,1.0,0.0,1.0,3.0,4.0,25.0,14.9,2022-10-25,0.6091617933723197,25.0,kyle_kuzma
37.0,1.0,7.0,19.0,0.368,3.0,7.0,0.429,1.0,1.0,1.0,0.0,9.0,9.0,3.0,1.0,0.0,3.0,4.0,18.0,8.7,2022-10-28,0.4629629629629629,20.0,kyle_kuzma
28.0,1.0,3.0,13.0,0.231,1.0,5.0,0.2,2.0,2.0,1.0,1.0,7.0,8.0,1.0,1.0,0.0,0.0,3.0,9.0,4.4,2022-10-30,0.324207492795389,15.0,kyle_kuzma
32.0,1.0,3.0,5.0,0.6,1.0,1.0,1.0,2.0,2.0,1.0,1.0,6.0,7.0,2.0,0.0,1.0,1.0,3.0,9.0,9.1,2022-10-31,0.7653061224489796,7.0,kyle_kuzma
31.0,1.0,8.0,12.0,0.667,2.0,5.0,0.4,0.0,0.0,,2.0,6.0,8.0,4.0,0.0,0.0,4.0,4.0,18.0,13.2,2022-11-02,0.75,12.0,kyle_kuzma
23.0,1.0,5.0,12.0,0.417,3.0,8.0,0.375,6.0,8.0,0.75,0.0,5.0,5.0,2.0,0.0,0.0,1.0,2.0,19.0,12.9,2022-11-04,0.6121134020618557,20.0,kyle_kuzma
34.0,1.0,5.0,14.0,0.357,2.0,9.0,0.222,0.0,0.0,,2.0,9.0,11.0,2.0,0.0,1.0,3.0,3.0,12.0,6.2,2022-11-06,0.42857142857142855,14.0,kyle_kuzma
31.0,1.0,9.0,16.0,0.563,1.0,3.0,0.333,1.0,5.0,0.2,0.0,6.0,6.0,1.0,0.0,1.0,2.0,0.0,20.0,12.0,2022-11-07,0.5494505494505495,21.0,kyle_kuzma
41.0,1.0,14.0,26.0,0.538,5.0,11.0,0.455,3.0,3.0,1.0,2.0,9.0,11.0,6.0,1.0,0.0,4.0,2.0,36.0,27.9,2022-11-10,0.6588579795021962,29.0,kyle_kuzma
33.0,1.0,8.0,19.0,0.421,1.0,7.0,0.143,6.0,7.0,0.857,1.0,7.0,8.0,6.0,0.0,0.0,4.0,2.0,23.0,14.7,2022-11-12,0.5208333333333334,26.0,kyle_kuzma
34.0,1.0,4.0,13.0,0.308,1.0,7.0,0.143,0.0,1.0,0.0,1.0,10.0,11.0,3.0,0.0,0.0,4.0,1.0,9.0,2.5,2022-11-13,0.3348214285714286,14.0,kyle_kuzma
38.0,1.0,7.0,15.0,0.467,3.0,8.0,0.375,1.0,1.0,1.0,2.0,8.0,10.0,9.0,1.0,0.0,7.0,3.0,18.0,13.2,2022-11-16,0.5829015544041452,16.0,kyle_kuzma
40.0,1.0,9.0,24.0,0.375,2.0,12.0,0.167,1.0,3.0,0.333,0.0,8.0,8.0,5.0,1.0,0.0,4.0,2.0,21.0,9.1,2022-11-18,0.4146919431279621,27.0,kyle_kuzma
37.0,1.0,10.0,19.0,0.526,4.0,9.0,0.444,4.0,5.0,0.8,1.0,9.0,10.0,5.0,0.0,0.0,4.0,2.0,28.0,20.4,2022-11-20,0.6603773584905661,24.0,kyle_kuzma
39.0,1.0,13.0,27.0,0.481,2.0,13.0,0.154,5.0,7.0,0.714,0.0,7.0,7.0,1.0,1.0,0.0,0.0,1.0,33.0,21.9,2022-11-23,0.5485372340425532,34.0,kyle_kuzma
38.0,1.0,11.0,22.0,0.5,3.0,10.0,0.3,3.0,3.0,1.0,3.0,4.0,7.0,5.0,1.0,0.0,3.0,2.0,28.0,21.0,2022-11-25,0.6003430531732419,25.0,kyle_kuzma
30.0,1.0,9.0,16.0,0.563,4.0,7.0,0.571,1.0,2.0,0.5,1.0,7.0,8.0,9.0,0.0,0.0,0.0,4.0,23.0,22.5,2022-11-28,0.6812796208530806,18.0,kyle_kuzma
39.0,1.0,10.0,25.0,0.4,2.0,8.0,0.25,3.0,4.0,0.75,1.0,3.0,4.0,3.0,0.0,1.0,1.0,4.0,25.0,12.9,2022-11-30,0.4671150971599402,29.0,kyle_kuzma
32.0,1.0,6.0,14.0,0.429,2.0,5.0,0.4,0.0,0.0,,0.0,4.0,4.0,3.0,0.0,1.0,1.0,2.0,14.0,8.8,2022-12-02,0.5,14.0,kyle_kuzma
32.0,1.0,10.0,21.0,0.476,1.0,7.0,0.143,5.0,6.0,0.833,3.0,4.0,7.0,4.0,2.0,1.0,6.0,6.0,26.0,15.3,2022-12-04,0.5499153976311336,27.0,kyle_kuzma
37.0,1.0,8.0,18.0,0.444,2.0,5.0,0.4,3.0,4.0,0.75,0.0,5.0,5.0,1.0,2.0,0.0,3.0,1.0,21.0,12.0,2022-12-07,0.5313765182186234,22.0,kyle_kuzma
35.0,1.0,9.0,20.0,0.45,4.0,9.0,0.444,5.0,6.0,0.833,2.0,5.0,7.0,7.0,0.0,0.0,3.0,2.0,27.0,20.2,2022-12-09,0.5962897526501767,26.0,kyle_kuzma
38.0,1.0,14.0,27.0,0.519,7.0,11.0,0.636,0.0,0.0,,2.0,10.0,12.0,3.0,1.0,0.0,6.0,2.0,35.0,22.4,2022-12-10,0.6481481481481481,27.0,kyle_kuzma
39.0,1.0,8.0,21.0,0.381,4.0,10.0,0.4,0.0,4.0,0.0,2.0,5.0,7.0,3.0,0.0,1.0,4.0,2.0,20.0,7.8,2022-12-12,0.43936731107205623,25.0,kyle_kuzma
35.0,1.0,9.0,16.0,0.563,4.0,8.0,0.5,2.0,6.0,0.333,0.0,2.0,2.0,4.0,0.0,0.0,3.0,4.0,24.0,13.6,2022-12-14,0.6437768240343348,22.0,kyle_kuzma
39.0,1.0,8.0,18.0,0.444,1.0,6.0,0.167,0.0,0.0,,0.0,6.0,6.0,2.0,1.0,1.0,3.0,4.0,17.0,7.9,2022-12-17,0.4722222222222222,18.0,kyle_kuzma
39.0,1.0,9.0,18.0,0.5,3.0,9.0,0.333,1.0,2.0,0.5,2.0,14.0,16.0,2.0,1.0,1.0,3.0,3.0,22.0,17.1,2022-12-18,0.5826271186440678,20.0,kyle_kuzma
36.0,1.0,10.0,19.0,0.526,5.0,10.0,0.5,4.0,6.0,0.667,0.0,6.0,6.0,6.0,2.0,0.0,2.0,0.0,29.0,24.9,2022-12-20,0.6700554528650646,25.0,kyle_kuzma
33.0,1.0,8.0,18.0,0.444,2.0,5.0,0.4,3.0,4.0,0.75,1.0,4.0,5.0,2.0,1.0,0.0,2.0,1.0,21.0,13.1,2022-12-22,0.5313765182186234,22.0,kyle_kuzma
37.0,1.0,14.0,23.0,0.609,2.0,8.0,0.25,2.0,3.0,0.667,1.0,8.0,9.0,5.0,2.0,0.0,1.0,1.0,32.0,28.3,2022-12-23,0.6578947368421053,26.0,kyle_kuzma
37.0,1.0,4.0,13.0,0.308,2.0,9.0,0.222,4.0,5.0,0.8,0.0,8.0,8.0,1.0,0.0,0.0,4.0,1.0,14.0,4.8,2022-12-27,0.46052631578947373,18.0,kyle_kuzma
35.0,1.0,8.0,17.0,0.471,2.0,4.0,0.5,4.0,4.0,1.0,0.0,5.0,5.0,7.0,1.0,0.0,1.0,2.0,22.0,18.9,2022-12-28,0.5863539445628997,21.0,kyle_kuzma
31.0,1.0,9.0,16.0,0.563,4.0,8.0,0.5,1.0,2.0,0.5,0.0,5.0,5.0,6.0,0.0,1.0,8.0,1.0,23.0,13.0,2022-12-30,0.6812796208530806,18.0,kyle_kuzma
33.0,1.0,5.0,16.0,0.313,0.0,2.0,0.0,0.0,1.0,0.0,1.0,12.0,13.0,11.0,0.0,0.0,5.0,3.0,10.0,6.2,2023-01-01,0.3041362530413625,17.0,kyle_kuzma
34.0,1.0,10.0,28.0,0.357,0.0,6.0,0.0,0.0,0.0,,1.0,3.0,4.0,2.0,0.0,2.0,2.0,1.0,20.0,6.4,2023-01-03,0.35714285714285715,28.0,kyle_kuzma
37.0,1.0,7.0,14.0,0.5,2.0,5.0,0.4,7.0,8.0,0.875,1.0,4.0,5.0,7.0,1.0,0.0,6.0,3.0,23.0,16.2,2023-01-06,0.656392694063927,22.0,kyle_kuzma
23.0,1.0,6.0,13.0,0.462,3.0,8.0,0.375,4.0,4.0,1.0,2.0,6.0,8.0,2.0,0.0,0.0,5.0,6.0,19.0,9.5,2023-01-09,0.6436314363143631,17.0,kyle_kuzma
37.0,1.0,9.0,20.0,0.45,1.0,4.0,0.25,2.0,3.0,0.667,0.0,4.0,4.0,3.0,0.0,0.0,2.0,3.0,21.0,10.3,2023-01-11,0.4924953095684803,23.0,kyle_kuzma
40.0,1.0,14.0,27.0,0.519,4.0,10.0,0.4,8.0,9.0,0.889,1.0,6.0,7.0,7.0,0.0,1.0,3.0,2.0,40.0,30.6,2023-01-13,0.6459948320413437,36.0,kyle_kuzma
40.0,1.0,5.0,20.0,0.25,4.0,12.0,0.333,2.0,4.0,0.5,3.0,8.0,11.0,5.0,1.0,0.0,6.0,2.0,16.0,5.4,2023-01-16,0.3676470588235294,24.0,kyle_kuzma
36.0,1.0,11.0,24.0,0.458,4.0,12.0,0.333,1.0,3.0,0.333,3.0,10.0,13.0,7.0,1.0,1.0,4.0,3.0,27.0,20.3,2023-01-18,0.533175355450237,27.0,kyle_kuzma
31.0,1.0,9.0,20.0,0.45,5.0,11.0,0.455,2.0,6.0,0.333,1.0,9.0,10.0,6.0,0.0,1.0,1.0,0.0,25.0,20.3,2023-01-21,0.5521201413427562,26.0,kyle_kuzma
36.0,1.0,12.0,23.0,0.522,2.0,10.0,0.2,4.0,5.0,0.8,0.0,5.0,5.0,2.0,0.0,1.0,3.0,2.0,30.0,18.1,2023-01-24,0.5952380952380952,28.0,kyle_kuzma
41.0,1.0,12.0,25.0,0.48,5.0,13.0,0.385,4.0,5.0,0.8,1.0,8.0,9.0,2.0,1.0,1.0,2.0,1.0,33.0,23.7,2023-01-25,0.6066176470588236,30.0,kyle_kuzma
37.0,1.0,4.0,13.0,0.308,2.0,9.0,0.222,0.0,0.0,,0.0,9.0,9.0,5.0,1.0,1.0,2.0,2.0,10.0,7.6,2023-01-28,0.38461538461538464,13.0,kyle_kuzma
31.0,1.0,5.0,11.0,0.455,1.0,3.0,0.333,5.0,6.0,0.833,0.0,6.0,6.0,3.0,0.0,0.0,5.0,2.0,16.0,8.0,2023-01-30,0.5865102639296187,17.0,kyle_kuzma
36.0,1.0,4.0,11.0,0.364,0.0,5.0,0.0,4.0,4.0,1.0,1.0,10.0,11.0,6.0,0.0,1.0,2.0,3.0,12.0,11.3,2023-02-03,0.4702194357366771,15.0,kyle_kuzma
35.0,1.0,11.0,20.0,0.55,6.0,10.0,0.6,5.0,6.0,0.833,1.0,8.0,9.0,2.0,0.0,1.0,3.0,1.0,33.0,24.8,2023-02-14,0.7287985865724381,26.0,kyle_kuzma
34.0,1.0,6.0,21.0,0.286,4.0,13.0,0.308,0.0,0.0,,2.0,5.0,7.0,1.0,1.0,1.0,4.0,1.0,16.0,4.6,2023-02-16,0.38095238095238093,21.0,kyle_kuzma
40.0,1.0,10.0,23.0,0.435,3.0,12.0,0.25,0.0,0.0,,0.0,5.0,5.0,3.0,1.0,0.0,4.0,3.0,23.0,10.3,2023-02-24,0.5,23.0,kyle_kuzma
38.0,1.0,4.0,18.0,0.222,1.0,8.0,0.125,1.0,2.0,0.5,0.0,4.0,4.0,3.0,0.0,0.0,3.0,4.0,10.0,-2.7,2023-02-26,0.2648305084745763,20.0,kyle_kuzma
36.0,1.0,10.0,26.0,0.385,2.0,7.0,0.286,6.0,7.0,0.857,1.0,2.0,3.0,1.0,1.0,1.0,2.0,2.0,28.0,14.3,2023-02-28,0.48143053645116923,33.0,kyle_kuzma
34.0,1.0,10.0,24.0,0.417,4.0,9.0,0.444,6.0,8.0,0.75,1.0,4.0,5.0,5.0,1.0,0.0,3.0,0.0,30.0,19.8,2023-03-02,0.5450581395348837,32.0,kyle_kuzma
41.0,1.0,5.0,12.0,0.417,2.0,5.0,0.4,4.0,4.0,1.0,0.0,6.0,6.0,1.0,0.0,0.0,5.0,4.0,16.0,5.5,2023-03-04,0.5813953488372093,16.0,kyle_kuzma
34.0,1.0,9.0,20.0,0.45,3.0,8.0,0.375,2.0,2.0,1.0,0.0,3.0,3.0,2.0,2.0,1.0,3.0,0.0,23.0,14.6,2023-03-07,0.5507662835249042,22.0,kyle_kuzma
34.0,1.0,10.0,15.0,0.667,2.0,7.0,0.286,3.0,4.0,0.75,1.0,9.0,10.0,6.0,2.0,0.0,4.0,1.0,25.0,23.3,2023-03-08,0.7458233890214796,19.0,kyle_kuzma
39.0,1.0,7.0,12.0,0.583,1.0,3.0,0.333,2.0,4.0,0.5,0.0,5.0,5.0,3.0,0.0,0.0,4.0,1.0,17.0,9.8,2023-03-10,0.6177325581395349,16.0,kyle_kuzma
29.0,1.0,4.0,14.0,0.286,1.0,5.0,0.2,3.0,4.0,0.75,1.0,10.0,11.0,4.0,1.0,0.0,2.0,1.0,12.0,8.5,2023-03-12,0.3807106598984772,18.0,kyle_kuzma
24.0,1.0,3.0,7.0,0.429,1.0,3.0,0.333,0.0,0.0,,0.0,2.0,2.0,1.0,1.0,1.0,4.0,5.0,7.0,0.3,2023-03-17,0.5,7.0,kyle_kuzma
31.0,1.0,12.0,23.0,0.522,4.0,11.0,0.364,5.0,6.0,0.833,0.0,7.0,7.0,3.0,1.0,0.0,0.0,1.0,33.0,26.1,2023-03-18,0.6435257410296412,29.0,kyle_kuzma
23.0,1.0,2.0,4.0,0.5,2.0,2.0,1.0,0.0,0.0,,0.0,10.0,10.0,4.0,1.0,1.0,1.0,5.0,6.0,8.5,2022-10-21,0.75,4.0,deni_avjida
26.0,1.0,3.0,6.0,0.5,1.0,3.0,0.333,2.0,2.0,1.0,0.0,7.0,7.0,2.0,1.0,2.0,0.0,3.0,9.0,10.7,2022-10-25,0.6540697674418605,8.0,deni_avjida
19.0,1.0,3.0,7.0,0.429,1.0,3.0,0.333,0.0,0.0,,1.0,1.0,2.0,0.0,0.0,0.0,2.0,2.0,7.0,1.5,2022-10-28,0.5,7.0,deni_avjida
11.0,1.0,2.0,4.0,0.5,1.0,1.0,1.0,1.0,2.0,0.5,0.0,1.0,1.0,1.0,0.0,0.0,0.0,2.0,6.0,3.8,2022-10-30,0.6147540983606558,6.0,deni_avjida
28.0,0.0,1.0,3.0,0.333,0.0,1.0,0.0,3.0,4.0,0.75,1.0,7.0,8.0,1.0,0.0,3.0,0.0,5.0,5.0,6.5,2022-11-02,0.5252100840336135,7.0,deni_avjida
21.0,0.0,2.0,5.0,0.4,0.0,2.0,0.0,0.0,0.0,,0.0,2.0,2.0,1.0,0.0,0.0,2.0,2.0,4.0,-0.2,2022-11-04,0.4,5.0,deni_avjida
18.0,1.0,1.0,4.0,0.25,0.0,3.0,0.0,1.0,2.0,0.5,0.0,3.0,3.0,2.0,0.0,0.0,1.0,3.0,3.0,0.3,2022-11-07,0.3073770491803279,6.0,deni_avjida
32.0,1.0,4.0,13.0,0.308,1.0,4.0,0.25,3.0,3.0,1.0,2.0,4.0,6.0,4.0,1.0,0.0,3.0,4.0,12.0,6.3,2022-11-10,0.41899441340782123,16.0,deni_avjida
34.0,1.0,4.0,6.0,0.667,1.0,2.0,0.5,4.0,4.0,1.0,1.0,6.0,7.0,3.0,3.0,1.0,2.0,3.0,13.0,15.5,2022-11-12,0.8376288659793815,10.0,deni_avjida
33.0,1.0,8.0,16.0,0.5,4.0,7.0,0.571,1.0,3.0,0.333,0.0,2.0,2.0,5.0,1.0,0.0,3.0,4.0,21.0,12.7,2022-11-13,0.6062355658198614,19.0,deni_avjida
29.0,1.0,4.0,10.0,0.4,2.0,3.0,0.667,2.0,2.0,1.0,3.0,4.0,7.0,2.0,0.0,2.0,4.0,5.0,12.0,6.7,2022-11-16,0.551470588235294,12.0,deni_avjida
14.0,1.0,1.0,2.0,0.5,1.0,2.0,0.5,0.0,0.0,,0.0,1.0,1.0,3.0,0.0,0.0,1.0,4.0,3.0,1.8,2022-11-18,0.75,2.0,deni_avjida
31.0,1.0,6.0,11.0,0.545,0.0,3.0,0.0,0.0,1.0,0.0,4.0,9.0,13.0,1.0,0.0,1.0,1.0,2.0,12.0,11.4,2022-11-20,0.5244755244755245,12.0,deni_avjida
40.0,1.0,5.0,10.0,0.5,1.0,3.0,0.333,1.0,1.0,1.0,3.0,6.0,9.0,10.0,1.0,2.0,4.0,4.0,12.0,14.7,2022-11-23,0.574712643678161,11.0,deni_avjida
30.0,1.0,2.0,8.0,0.25,0.0,4.0,0.0,4.0,6.0,0.667,1.0,8.0,9.0,5.0,1.0,2.0,3.0,3.0,8.0,7.2,2022-11-25,0.37593984962406013,14.0,deni_avjida
26.0,1.0,4.0,8.0,0.5,2.0,6.0,0.333,0.0,0.0,,0.0,1.0,1.0,3.0,1.0,0.0,0.0,3.0,10.0,8.2,2022-11-27,0.625,8.0,deni_avjida
18.0,1.0,2.0,6.0,0.333,0.0,2.0,0.0,2.0,2.0,1.0,0.0,6.0,6.0,0.0,2.0,0.0,0.0,3.0,6.0,5.2,2022-11-28,0.436046511627907,8.0,deni_avjida
26.0,1.0,3.0,7.0,0.429,0.0,1.0,0.0,1.0,2.0,0.5,0.0,5.0,5.0,3.0,1.0,1.0,0.0,4.0,7.0,6.6,2022-11-30,0.44416243654822335,9.0,deni_avjida
25.0,1.0,3.0,11.0,0.273,1.0,8.0,0.125,0.0,0.0,,1.0,7.0,8.0,1.0,2.0,1.0,1.0,3.0,7.0,4.5,2022-12-04,0.3181818181818182,11.0,deni_avjida
38.0,1.0,4.0,8.0,0.5,0.0,1.0,0.0,2.0,3.0,0.667,1.0,4.0,5.0,6.0,4.0,0.0,0.0,2.0,10.0,14.9,2022-12-07,0.5364806866952789,11.0,deni_avjida
39.0,1.0,6.0,11.0,0.545,1.0,5.0,0.2,1.0,2.0,0.5,2.0,7.0,9.0,4.0,1.0,0.0,3.0,4.0,14.0,11.0,2022-12-09,0.5892255892255892,13.0,deni_avjida
38.0,1.0,4.0,10.0,0.4,3.0,7.0,0.429,0.0,0.0,,0.0,6.0,6.0,6.0,0.0,1.0,1.0,1.0,11.0,10.9,2022-12-10,0.55,10.0,deni_avjida
26.0,1.0,2.0,4.0,0.5,1.0,3.0,0.333,3.0,3.0,1.0,0.0,7.0,7.0,1.0,0.0,0.0,1.0,4.0,8.0,6.2,2022-12-12,0.7518796992481203,7.0,deni_avjida
28.0,1.0,4.0,7.0,0.571,1.0,2.0,0.5,0.0,0.0,,0.0,6.0,6.0,5.0,3.0,0.0,2.0,5.0,9.0,10.0,2022-12-14,0.6428571428571429,7.0,deni_avjida
37.0,1.0,3.0,8.0,0.375,1.0,3.0,0.333,4.0,4.0,1.0,1.0,9.0,10.0,5.0,1.0,1.0,3.0,5.0,11.0,10.2,2022-12-17,0.5635245901639344,12.0,deni_avjida
21.0,1.0,3.0,7.0,0.429,2.0,4.0,0.5,0.0,0.0,,0.0,3.0,3.0,1.0,0.0,1.0,1.0,1.0,8.0,5.2,2022-12-18,0.5714285714285714,7.0,deni_avjida
36.0,1.0,4.0,8.0,0.5,2.0,5.0,0.4,6.0,6.0,1.0,1.0,9.0,10.0,4.0,0.0,1.0,0.0,4.0,16.0,17.3,2022-12-20,0.7518796992481203,14.0,deni_avjida
20.0,0.0,2.0,4.0,0.5,1.0,1.0,1.0,2.0,2.0,1.0,2.0,1.0,3.0,0.0,0.0,1.0,1.0,2.0,7.0,5.6,2022-12-27,0.7172131147540983,6.0,deni_avjida
27.0,0.0,3.0,5.0,0.6,1.0,3.0,0.333,1.0,2.0,0.5,1.0,6.0,7.0,2.0,0.0,0.0,3.0,2.0,8.0,5.4,2022-12-28,0.6802721088435374,7.0,deni_avjida
27.0,0.0,5.0,8.0,0.625,2.0,5.0,0.4,1.0,1.0,1.0,0.0,7.0,7.0,6.0,2.0,1.0,3.0,5.0,13.0,13.4,2022-12-30,0.7701421800947867,9.0,deni_avjida
28.0,0.0,5.0,12.0,0.417,0.0,3.0,0.0,1.0,2.0,0.5,4.0,8.0,12.0,3.0,2.0,0.0,4.0,0.0,11.0,9.5,2023-01-01,0.42701863354037267,14.0,deni_avjida
28.0,0.0,4.0,7.0,0.571,0.0,3.0,0.0,4.0,4.0,1.0,2.0,2.0,4.0,3.0,1.0,0.0,2.0,3.0,12.0,10.6,2023-01-03,0.684931506849315,11.0,deni_avjida
17.0,0.0,1.0,2.0,0.5,0.0,1.0,0.0,2.0,2.0,1.0,0.0,3.0,3.0,0.0,0.0,0.0,2.0,1.0,4.0,1.5,2023-01-06,0.6944444444444444,4.0,deni_avjida
21.0,0.0,2.0,6.0,0.333,0.0,2.0,0.0,0.0,2.0,0.0,1.0,3.0,4.0,3.0,0.0,0.0,0.0,2.0,4.0,2.7,2023-01-09,0.29069767441860467,8.0,deni_avjida
34.0,1.0,3.0,6.0,0.5,1.0,2.0,0.5,2.0,2.0,1.0,3.0,17.0,20.0,3.0,0.0,0.0,4.0,3.0,9.0,10.1,2023-01-11,0.6540697674418605,8.0,deni_avjida
25.0,0.0,1.0,5.0,0.2,0.0,4.0,0.0,1.0,1.0,1.0,2.0,7.0,9.0,2.0,0.0,0.0,0.0,4.0,3.0,3.2,2023-01-13,0.275735294117647,6.0,deni_avjida
13.0,0.0,3.0,9.0,0.333,0.0,2.0,0.0,0.0,0.0,,2.0,3.0,5.0,2.0,0.0,0.0,2.0,4.0,6.0,1.0,2023-01-16,0.3333333333333333,9.0,deni_avjida
29.0,0.0,6.0,11.0,0.545,2.0,3.0,0.667,0.0,1.0,0.0,3.0,4.0,7.0,1.0,1.0,1.0,0.0,3.0,14.0,12.8,2023-01-18,0.6118881118881119,12.0,deni_avjida
32.0,0.0,3.0,5.0,0.6,0.0,1.0,0.0,9.0,11.0,0.818,2.0,8.0,10.0,3.0,3.0,0.0,1.0,3.0,15.0,18.6,2023-01-24,0.7621951219512195,16.0,deni_avjida
29.0,0.0,4.0,13.0,0.308,1.0,4.0,0.25,1.0,2.0,0.5,2.0,8.0,10.0,3.0,1.0,1.0,0.0,3.0,10.0,8.5,2023-01-25,0.36023054755043227,15.0,deni_avjida
27.0,0.0,5.0,8.0,0.625,1.0,3.0,0.333,4.0,6.0,0.667,0.0,9.0,9.0,1.0,2.0,0.0,1.0,2.0,15.0,14.2,2023-01-28,0.7048872180451128,14.0,deni_avjida
33.0,0.0,10.0,12.0,0.833,2.0,2.0,1.0,3.0,4.0,0.75,1.0,8.0,9.0,1.0,1.0,1.0,2.0,4.0,25.0,22.1,2023-01-30,0.9084302325581396,16.0,deni_avjida
34.0,0.0,6.0,14.0,0.429,4.0,9.0,0.444,7.0,12.0,0.583,1.0,5.0,6.0,3.0,4.0,0.0,3.0,4.0,23.0,17.3,2023-02-04,0.5964730290456431,26.0,deni_avjida
30.0,1.0,3.0,10.0,0.3,1.0,4.0,0.25,5.0,5.0,1.0,0.0,4.0,4.0,3.0,2.0,0.0,3.0,2.0,12.0,7.7,2023-02-06,0.49180327868852464,15.0,deni_avjida
36.0,1.0,8.0,13.0,0.615,3.0,5.0,0.6,1.0,1.0,1.0,1.0,12.0,13.0,0.0,0.0,0.0,1.0,2.0,20.0,16.6,2023-02-08,0.7440476190476191,14.0,deni_avjida
29.0,0.0,7.0,8.0,0.875,1.0,2.0,0.5,1.0,2.0,0.5,0.0,6.0,6.0,3.0,0.0,1.0,2.0,2.0,16.0,14.6,2023-02-11,0.9009009009009008,10.0,deni_avjida
27.0,0.0,3.0,10.0,0.3,1.0,5.0,0.2,0.0,0.0,,2.0,3.0,5.0,3.0,2.0,0.0,1.0,3.0,7.0,5.4,2023-02-13,0.35,10.0,deni_avjida
18.0,0.0,1.0,4.0,0.25,0.0,2.0,0.0,0.0,0.0,,0.0,3.0,3.0,3.0,0.0,0.0,1.0,1.0,2.0,1.2,2023-02-14,0.25,4.0,deni_avjida
24.0,0.0,3.0,8.0,0.375,0.0,1.0,0.0,4.0,5.0,0.8,3.0,6.0,9.0,4.0,2.0,0.0,1.0,4.0,10.0,11.3,2023-02-16,0.4901960784313726,13.0,deni_avjida
26.0,0.0,5.0,7.0,0.714,1.0,3.0,0.333,0.0,0.0,,0.0,7.0,7.0,5.0,1.0,0.0,0.0,0.0,11.0,14.7,2023-02-24,0.7857142857142857,7.0,deni_avjida
27.0,1.0,2.0,5.0,0.4,1.0,4.0,0.25,3.0,4.0,0.75,0.0,4.0,4.0,2.0,1.0,0.0,4.0,3.0,8.0,3.3,2023-02-26,0.591715976331361,9.0,deni_avjida
31.0,1.0,2.0,9.0,0.222,0.0,1.0,0.0,0.0,0.0,,4.0,9.0,13.0,0.0,1.0,0.0,0.0,1.0,4.0,4.6,2023-02-28,0.2222222222222222,9.0,deni_avjida
28.0,0.0,2.0,7.0,0.286,0.0,3.0,0.0,2.0,3.0,0.667,1.0,8.0,9.0,3.0,0.0,1.0,0.0,2.0,6.0,6.6,2023-03-02,0.3605769230769231,10.0,deni_avjida
31.0,0.0,5.0,10.0,0.5,2.0,4.0,0.5,5.0,5.0,1.0,2.0,4.0,6.0,2.0,3.0,0.0,2.0,4.0,17.0,15.4,2023-03-05,0.6967213114754098,15.0,deni_avjida
17.0,0.0,2.0,5.0,0.4,1.0,2.0,0.5,0.0,0.0,,0.0,6.0,6.0,3.0,0.0,0.0,0.0,2.0,5.0,5.4,2023-03-10,0.5,5.0,deni_avjida
23.0,0.0,1.0,8.0,0.125,0.0,2.0,0.0,2.0,2.0,1.0,0.0,2.0,2.0,3.0,0.0,0.0,0.0,2.0,4.0,0.7,2023-03-12,0.2252252252252252,10.0,deni_avjida
28.0,0.0,6.0,8.0,0.75,1.0,3.0,0.333,0.0,0.0,,0.0,6.0,6.0,2.0,0.0,0.0,1.0,1.0,13.0,11.6,2023-03-14,0.8125,8.0,deni_avjida
18.0,0.0,0.0,3.0,0.0,0.0,3.0,0.0,2.0,4.0,0.5,0.0,1.0,1.0,3.0,0.0,0.0,0.0,2.0,2.0,0.7,2023-03-17,0.21008403361344538,7.0,deni_avjida
31.0,1.0,7.0,9.0,0.778,1.0,2.0,0.5,1.0,2.0,0.5,0.0,8.0,8.0,6.0,0.0,0.0,4.0,1.0,16.0,14.3,2023-03-22,0.8097165991902834,11.0,deni_avjida
33.0,1.0,9.0,14.0,0.643,3.0,6.0,0.5,0.0,1.0,0.0,0.0,11.0,11.0,6.0,1.0,0.0,2.0,4.0,21.0,19.3,2023-03-24,0.7271468144044322,15.0,deni_avjida
34.0,1.0,6.0,13.0,0.462,1.0,4.0,0.25,2.0,4.0,0.5,3.0,6.0,9.0,7.0,1.0,0.0,3.0,2.0,15.0,13.5,2023-03-26,0.508130081300813,17.0,deni_avjida
36.0,1.0,10.0,16.0,0.625,2.0,5.0,0.4,3.0,5.0,0.6,0.0,10.0,10.0,5.0,1.0,0.0,4.0,1.0,25.0,20.1,2023-03-28,0.6868131868131868,21.0,deni_avjida
34.0,1.0,3.0,8.0,0.375,1.0,3.0,0.333,2.0,2.0,1.0,0.0,3.0,3.0,5.0,3.0,1.0,8.0,4.0,9.0,3.1,2023-04-02,0.5067567567567567,10.0,deni_avjida
26.0,0.0,4.0,5.0,0.8,0.0,0.0,,0.0,0.0,,0.0,2.0,2.0,1.0,0.0,0.0,2.0,3.0,8.0,4.2,2023-04-04,0.8,5.0,xavier_cooks
17.0,0.0,2.0,5.0,0.4,0.0,0.0,,2.0,2.0,1.0,2.0,4.0,6.0,3.0,1.0,1.0,1.0,3.0,6.0,7.5,2023-04-05,0.5102040816326531,7.0,xavier_cooks
22.0,0.0,4.0,5.0,0.8,0.0,1.0,0.0,2.0,6.0,0.333,4.0,5.0,9.0,0.0,3.0,0.0,1.0,3.0,10.0,11.6,2023-04-07,0.6544502617801047,11.0,xavier_cooks
38.0,1.0,5.0,11.0,0.455,0.0,0.0,,0.0,2.0,0.0,7.0,7.0,14.0,0.0,2.0,2.0,1.0,2.0,10.0,12.1,2023-04-09,0.42087542087542085,13.0,xavier_cooks
26.0,0.0,3.0,7.0,0.429,1.0,3.0,0.333,1.0,2.0,0.5,1.0,2.0,3.0,1.0,2.0,2.0,1.0,4.0,8.0,6.7,2022-10-19,0.5076142131979695,9.0,delon_wright
21.0,0.0,3.0,8.0,0.375,0.0,3.0,0.0,0.0,0.0,,2.0,1.0,3.0,4.0,3.0,1.0,2.0,1.0,6.0,7.4,2022-10-21,0.375,8.0,delon_wright
26.0,0.0,2.0,5.0,0.4,1.0,3.0,0.333,2.0,3.0,0.667,0.0,2.0,2.0,5.0,2.0,0.0,1.0,0.0,7.0,9.0,2022-10-23,0.5537974683544303,8.0,delon_wright
16.0,0.0,2.0,4.0,0.5,1.0,3.0,0.333,0.0,0.0,,1.0,1.0,2.0,3.0,4.0,1.0,0.0,0.0,5.0,10.8,2022-10-25,0.625,4.0,delon_wright
15.0,0.0,0.0,1.0,0.0,0.0,0.0,,2.0,2.0,1.0,0.0,1.0,1.0,8.0,1.0,0.0,0.0,2.0,2.0,7.4,2022-12-23,0.5319148936170213,3.0,delon_wright
17.0,0.0,2.0,5.0,0.4,1.0,3.0,0.333,2.0,3.0,0.667,0.0,0.0,0.0,1.0,3.0,0.0,0.0,1.0,7.0,7.2,2022-12-27,0.5537974683544303,8.0,delon_wright
15.0,0.0,1.0,3.0,0.333,0.0,2.0,0.0,1.0,1.0,1.0,0.0,1.0,1.0,3.0,3.0,0.0,2.0,1.0,3.0,4.3,2022-12-28,0.436046511627907,4.0,delon_wright
17.0,0.0,1.0,4.0,0.25,1.0,2.0,0.5,0.0,0.0,,1.0,3.0,4.0,5.0,0.0,0.0,0.0,0.0,3.0,5.7,2022-12-30,0.375,4.0,delon_wright
18.0,0.0,3.0,6.0,0.5,1.0,3.0,0.333,0.0,0.0,,1.0,3.0,4.0,1.0,1.0,0.0,0.0,0.0,7.0,7.3,2023-01-01,0.5833333333333334,6.0,delon_wright
16.0,0.0,1.0,6.0,0.167,0.0,2.0,0.0,2.0,2.0,1.0,1.0,2.0,3.0,2.0,3.0,0.0,0.0,1.0,4.0,5.5,2023-01-03,0.29069767441860467,8.0,delon_wright
19.0,0.0,3.0,5.0,0.6,0.0,2.0,0.0,3.0,3.0,1.0,0.0,2.0,2.0,4.0,2.0,0.0,1.0,1.0,9.0,10.7,2023-01-06,0.7120253164556962,8.0,delon_wright
16.0,0.0,2.0,4.0,0.5,0.0,2.0,0.0,0.0,0.0,,0.0,0.0,0.0,3.0,2.0,0.0,2.0,2.0,4.0,3.3,2023-01-09,0.5,4.0,delon_wright
24.0,0.0,2.0,4.0,0.5,0.0,0.0,,0.0,0.0,,1.0,3.0,4.0,3.0,3.0,1.0,2.0,1.0,4.0,7.0,2023-01-11,0.5,4.0,delon_wright
24.0,0.0,2.0,7.0,0.286,1.0,4.0,0.25,1.0,1.0,1.0,2.0,6.0,8.0,1.0,0.0,0.0,1.0,3.0,6.0,3.6,2023-01-13,0.4032258064516129,8.0,delon_wright
27.0,0.0,3.0,5.0,0.6,1.0,2.0,0.5,2.0,2.0,1.0,0.0,1.0,1.0,7.0,2.0,0.0,1.0,2.0,9.0,12.1,2023-01-16,0.7653061224489796,7.0,delon_wright
21.0,0.0,3.0,8.0,0.375,1.0,3.0,0.333,4.0,4.0,1.0,2.0,3.0,5.0,4.0,2.0,2.0,1.0,1.0,11.0,13.7,2023-01-18,0.5635245901639344,12.0,delon_wright
21.0,0.0,4.0,7.0,0.571,2.0,5.0,0.4,0.0,0.0,,1.0,2.0,3.0,6.0,3.0,0.0,0.0,0.0,10.0,15.2,2023-01-24,0.7142857142857143,7.0,delon_wright
25.0,1.0,2.0,6.0,0.333,1.0,4.0,0.25,0.0,0.0,,2.0,1.0,3.0,4.0,3.0,0.0,1.0,2.0,5.0,7.3,2023-01-25,0.4166666666666667,6.0,delon_wright
24.0,0.0,3.0,7.0,0.429,0.0,1.0,0.0,2.0,2.0,1.0,2.0,2.0,4.0,0.0,0.0,0.0,2.0,1.0,8.0,3.9,2023-01-28,0.5076142131979695,9.0,delon_wright
23.0,0.0,2.0,4.0,0.5,1.0,2.0,0.5,0.0,0.0,,1.0,5.0,6.0,2.0,0.0,0.0,0.0,1.0,5.0,6.2,2023-01-30,0.625,4.0,delon_wright
27.0,0.0,1.0,2.0,0.5,0.0,0.0,,0.0,0.0,,3.0,1.0,4.0,2.0,3.0,0.0,2.0,3.0,2.0,4.6,2023-02-03,0.5,2.0,delon_wright
27.0,0.0,2.0,5.0,0.4,0.0,2.0,0.0,0.0,0.0,,1.0,4.0,5.0,2.0,1.0,0.0,0.0,0.0,4.0,5.6,2023-02-04,0.4,5.0,delon_wright
22.0,0.0,2.0,4.0,0.5,1.0,1.0,1.0,4.0,4.0,1.0,0.0,0.0,0.0,5.0,1.0,0.0,2.0,1.0,9.0,9.1,2023-02-11,0.78125,8.0,delon_wright
19.0,0.0,4.0,6.0,0.667,2.0,4.0,0.5,0.0,0.0,,2.0,2.0,4.0,1.0,2.0,0.0,3.0,2.0,10.0,8.3,2023-02-13,0.8333333333333334,6.0,delon_wright
29.0,0.0,2.0,3.0,0.667,1.0,1.0,1.0,0.0,0.0,,0.0,2.0,2.0,6.0,4.0,0.0,1.0,0.0,5.0,11.5,2023-02-14,0.8333333333333334,3.0,delon_wright
29.0,0.0,5.0,9.0,0.556,0.0,1.0,0.0,0.0,0.0,,5.0,2.0,7.0,3.0,3.0,1.0,2.0,1.0,10.0,13.2,2023-02-16,0.5555555555555556,9.0,delon_wright
20.0,0.0,5.0,8.0,0.625,5.0,7.0,0.714,0.0,0.0,,2.0,1.0,3.0,2.0,2.0,2.0,1.0,0.0,15.0,16.9,2023-02-24,0.9375,8.0,delon_wright
30.0,1.0,3.0,4.0,0.75,0.0,0.0,,3.0,3.0,1.0,3.0,0.0,3.0,4.0,0.0,1.0,0.0,3.0,9.0,11.8,2023-02-28,0.8458646616541353,7.0,delon_wright
33.0,1.0,3.0,7.0,0.429,1.0,3.0,0.333,0.0,0.0,,1.0,5.0,6.0,11.0,3.0,0.0,0.0,1.0,7.0,15.8,2023-03-02,0.5,7.0,delon_wright
39.0,1.0,6.0,10.0,0.6,4.0,6.0,0.667,2.0,2.0,1.0,2.0,4.0,6.0,7.0,6.0,1.0,3.0,2.0,18.0,23.8,2023-03-04,0.8272058823529411,12.0,delon_wright
29.0,1.0,4.0,8.0,0.5,1.0,2.0,0.5,1.0,1.0,1.0,1.0,2.0,3.0,5.0,2.0,0.0,1.0,1.0,10.0,11.4,2023-03-05,0.5924170616113744,9.0,delon_wright
32.0,1.0,1.0,4.0,0.25,0.0,1.0,0.0,1.0,2.0,0.5,1.0,2.0,3.0,6.0,5.0,1.0,0.0,0.0,3.0,11.4,2023-03-07,0.3073770491803279,6.0,delon_wright
31.0,1.0,3.0,4.0,0.75,0.0,0.0,,1.0,1.0,1.0,1.0,3.0,4.0,5.0,3.0,0.0,2.0,2.0,7.0,10.7,2023-03-08,0.7882882882882882,5.0,delon_wright
29.0,0.0,4.0,6.0,0.667,0.0,1.0,0.0,2.0,2.0,1.0,1.0,1.0,2.0,5.0,3.0,0.0,1.0,1.0,10.0,13.5,2023-03-10,0.7267441860465116,8.0,delon_wright
16.0,0.0,2.0,4.0,0.5,0.0,0.0,,0.0,0.0,,2.0,1.0,3.0,2.0,0.0,1.0,1.0,0.0,4.0,4.8,2023-03-17,0.5,4.0,delon_wright
20.0,0.0,1.0,2.0,0.5,0.0,1.0,0.0,2.0,2.0,1.0,1.0,1.0,2.0,2.0,0.0,1.0,0.0,1.0,4.0,5.7,2023-03-18,0.6944444444444444,4.0,delon_wright
16.0,0.0,1.0,3.0,0.333,0.0,2.0,0.0,0.0,0.0,,0.0,0.0,0.0,2.0,0.0,0.0,2.0,1.0,2.0,-0.7,2023-03-21,0.3333333333333333,3.0,delon_wright
20.0,0.0,3.0,6.0,0.5,0.0,1.0,0.0,1.0,2.0,0.5,1.0,2.0,3.0,2.0,0.0,2.0,0.0,1.0,7.0,7.3,2023-03-22,0.5087209302325582,8.0,delon_wright
28.0,0.0,9.0,14.0,0.643,3.0,6.0,0.5,3.0,3.0,1.0,1.0,6.0,7.0,3.0,0.0,0.0,0.0,0.0,24.0,22.4,2023-03-24,0.783289817232376,17.0,delon_wright
33.0,1.0,2.0,9.0,0.222,1.0,4.0,0.25,0.0,0.0,,0.0,7.0,7.0,8.0,2.0,0.0,1.0,0.0,5.0,8.2,2023-03-26,0.2777777777777778,9.0,delon_wright
30.0,1.0,3.0,5.0,0.6,1.0,2.0,0.5,1.0,3.0,0.333,0.0,5.0,5.0,2.0,2.0,0.0,1.0,2.0,8.0,8.0,2023-03-28,0.6329113924050632,8.0,delon_wright
32.0,1.0,8.0,15.0,0.533,2.0,6.0,0.333,3.0,3.0,1.0,3.0,6.0,9.0,4.0,1.0,0.0,0.0,2.0,21.0,20.6,2023-03-31,0.6433823529411764,18.0,delon_wright
31.0,1.0,3.0,9.0,0.333,1.0,3.0,0.333,1.0,2.0,0.5,1.0,4.0,5.0,7.0,4.0,0.0,2.0,0.0,8.0,11.3,2023-04-02,0.4048582995951417,11.0,delon_wright
20.0,1.0,4.0,7.0,0.571,0.0,2.0,0.0,3.0,3.0,1.0,0.0,7.0,7.0,4.0,0.0,0.0,0.0,0.0,11.0,12.6,2023-04-07,0.6610576923076923,10.0,delon_wright
15.0,0.0,6.0,8.0,0.75,0.0,0.0,,0.0,0.0,,4.0,3.0,7.0,0.0,1.0,1.0,2.0,0.0,12.0,12.2,2022-10-19,0.75,8.0,daniel_gafford
14.0,0.0,1.0,2.0,0.5,0.0,0.0,,0.0,0.0,,1.0,1.0,2.0,0.0,0.0,1.0,1.0,2.0,2.0,0.9,2022-10-23,0.5,2.0,daniel_gafford
19.0,0.0,4.0,6.0,0.667,0.0,0.0,,1.0,2.0,0.5,1.0,4.0,5.0,1.0,0.0,2.0,0.0,2.0,9.0,9.2,2022-10-25,0.6540697674418605,8.0,daniel_gafford
14.0,0.0,3.0,4.0,0.75,0.0,0.0,,4.0,5.0,0.8,2.0,2.0,4.0,0.0,0.0,0.0,1.0,2.0,10.0,8.2,2022-10-28,0.8064516129032258,9.0,daniel_gafford
11.0,0.0,4.0,5.0,0.8,0.0,0.0,,2.0,5.0,0.4,2.0,0.0,2.0,1.0,1.0,1.0,0.0,0.0,10.0,10.7,2022-11-02,0.6944444444444444,10.0,daniel_gafford
13.0,0.0,4.0,6.0,0.667,0.0,0.0,,1.0,1.0,1.0,2.0,3.0,5.0,2.0,0.0,0.0,0.0,3.0,9.0,8.9,2022-11-06,0.6987577639751552,7.0,daniel_gafford
24.0,0.0,3.0,3.0,1.0,0.0,0.0,,5.0,6.0,0.833,2.0,8.0,10.0,0.0,0.0,4.0,1.0,3.0,11.0,14.1,2022-11-10,0.9751773049645389,9.0,daniel_gafford
16.0,0.0,1.0,1.0,1.0,0.0,0.0,,3.0,7.0,0.429,2.0,3.0,5.0,1.0,0.0,2.0,2.0,3.0,5.0,4.3,2022-11-13,0.6127450980392157,8.0,daniel_gafford
16.0,0.0,2.0,3.0,0.667,0.0,0.0,,2.0,4.0,0.5,2.0,2.0,4.0,0.0,0.0,2.0,0.0,3.0,6.0,6.1,2022-11-28,0.6302521008403361,7.0,daniel_gafford
23.0,0.0,3.0,8.0,0.375,0.0,0.0,,4.0,10.0,0.4,6.0,6.0,12.0,1.0,0.0,6.0,0.0,1.0,10.0,13.7,2022-12-02,0.4032258064516129,18.0,daniel_gafford
20.0,0.0,9.0,10.0,0.9,0.0,0.0,,1.0,2.0,0.5,4.0,3.0,7.0,1.0,0.0,2.0,0.0,4.0,19.0,19.4,2022-12-04,0.8731617647058822,12.0,daniel_gafford
17.0,0.0,4.0,4.0,1.0,0.0,0.0,,2.0,3.0,0.667,1.0,2.0,3.0,0.0,1.0,2.0,2.0,3.0,10.0,8.9,2022-12-07,0.9398496240601504,7.0,daniel_gafford
18.0,0.0,3.0,4.0,0.75,0.0,0.0,,1.0,2.0,0.5,3.0,0.0,3.0,1.0,0.0,1.0,0.0,1.0,7.0,8.1,2022-12-09,0.7172131147540983,6.0,daniel_gafford
20.0,0.0,4.0,4.0,1.0,0.0,0.0,,2.0,4.0,0.5,1.0,9.0,10.0,0.0,0.0,0.0,1.0,0.0,10.0,10.4,2022-12-12,0.8680555555555556,8.0,daniel_gafford
25.0,0.0,5.0,10.0,0.5,0.0,0.0,,1.0,1.0,1.0,0.0,7.0,7.0,3.0,1.0,2.0,1.0,2.0,11.0,10.8,2022-12-14,0.5268199233716475,11.0,daniel_gafford
29.0,1.0,5.0,6.0,0.833,0.0,0.0,,2.0,6.0,0.333,5.0,4.0,9.0,1.0,1.0,0.0,1.0,2.0,12.0,12.8,2022-12-20,0.6944444444444444,12.0,daniel_gafford
19.0,1.0,6.0,9.0,0.667,0.0,0.0,,1.0,1.0,1.0,1.0,1.0,2.0,0.0,0.0,1.0,1.0,3.0,13.0,8.6,2022-12-22,0.6885593220338984,10.0,daniel_gafford
20.0,1.0,2.0,2.0,1.0,0.0,0.0,,2.0,3.0,0.667,1.0,2.0,3.0,2.0,0.0,2.0,1.0,4.0,6.0,6.5,2022-12-23,0.9036144578313252,5.0,daniel_gafford
24.0,1.0,6.0,7.0,0.857,0.0,0.0,,2.0,2.0,1.0,4.0,4.0,8.0,1.0,0.0,3.0,1.0,3.0,14.0,16.1,2022-12-28,0.8883248730964467,9.0,daniel_gafford
26.0,1.0,5.0,7.0,0.714,0.0,0.0,,1.0,1.0,1.0,1.0,7.0,8.0,0.0,0.0,4.0,2.0,4.0,11.0,10.1,2022-12-30,0.739247311827957,8.0,daniel_gafford
27.0,1.0,8.0,11.0,0.727,0.0,0.0,,1.0,2.0,0.5,3.0,1.0,4.0,4.0,1.0,1.0,1.0,1.0,17.0,17.6,2023-01-01,0.7154882154882154,13.0,daniel_gafford
29.0,1.0,4.0,7.0,0.571,0.0,0.0,,3.0,4.0,0.75,5.0,7.0,12.0,2.0,0.0,0.0,0.0,2.0,11.0,13.5,2023-01-03,0.6278538812785388,11.0,daniel_gafford
25.0,1.0,7.0,8.0,0.875,0.0,0.0,,1.0,5.0,0.2,4.0,5.0,9.0,2.0,0.0,1.0,1.0,4.0,15.0,14.4,2023-01-06,0.7352941176470589,13.0,daniel_gafford
23.0,1.0,5.0,6.0,0.833,0.0,0.0,,3.0,4.0,0.75,1.0,3.0,4.0,2.0,0.0,0.0,0.0,4.0,13.0,11.8,2023-01-09,0.8376288659793815,10.0,daniel_gafford
22.0,1.0,6.0,8.0,0.75,0.0,0.0,,2.0,2.0,1.0,1.0,4.0,5.0,0.0,0.0,0.0,1.0,3.0,14.0,10.5,2023-01-16,0.7882882882882882,10.0,daniel_gafford
17.0,1.0,3.0,4.0,0.75,0.0,0.0,,0.0,0.0,,1.0,1.0,2.0,0.0,1.0,1.0,2.0,2.0,6.0,4.3,2023-01-18,0.75,4.0,daniel_gafford
24.0,1.0,6.0,8.0,0.75,0.0,0.0,,2.0,2.0,1.0,4.0,4.0,8.0,2.0,1.0,1.0,1.0,6.0,14.0,14.5,2023-01-21,0.7882882882882882,10.0,daniel_gafford
18.0,1.0,2.0,3.0,0.667,0.0,0.0,,5.0,8.0,0.625,1.0,6.0,7.0,3.0,0.0,1.0,1.0,6.0,9.0,8.4,2023-01-24,0.6901840490797546,11.0,daniel_gafford
32.0,1.0,3.0,6.0,0.5,0.0,0.0,,3.0,5.0,0.6,3.0,5.0,8.0,2.0,0.0,4.0,1.0,2.0,9.0,11.2,2023-01-25,0.5487804878048781,11.0,daniel_gafford
29.0,1.0,8.0,11.0,0.727,0.0,0.0,,5.0,8.0,0.625,5.0,7.0,12.0,2.0,1.0,5.0,2.0,2.0,21.0,24.0,2023-01-28,0.7231404958677686,19.0,daniel_gafford
26.0,1.0,4.0,5.0,0.8,0.0,0.0,,1.0,2.0,0.5,1.0,5.0,6.0,3.0,0.0,1.0,0.0,1.0,9.0,11.3,2023-02-03,0.7653061224489796,7.0,daniel_gafford
30.0,1.0,4.0,7.0,0.571,0.0,0.0,,2.0,3.0,0.667,2.0,8.0,10.0,0.0,1.0,1.0,1.0,2.0,10.0,10.0,2023-02-04,0.6009615384615384,10.0,daniel_gafford
23.0,1.0,5.0,6.0,0.833,0.0,0.0,,1.0,1.0,1.0,2.0,6.0,8.0,1.0,0.0,3.0,2.0,2.0,11.0,12.0,2023-02-06,0.8540372670807453,7.0,daniel_gafford
27.0,1.0,3.0,5.0,0.6,0.0,0.0,,7.0,8.0,0.875,2.0,3.0,5.0,1.0,1.0,3.0,1.0,1.0,13.0,15.0,2023-02-08,0.7629107981220657,13.0,daniel_gafford
29.0,1.0,6.0,6.0,1.0,0.0,0.0,,1.0,3.0,0.333,1.0,4.0,5.0,2.0,0.0,4.0,2.0,3.0,13.0,13.3,2023-02-11,0.8879781420765027,9.0,daniel_gafford
28.0,1.0,3.0,4.0,0.75,0.0,0.0,,3.0,4.0,0.75,2.0,6.0,8.0,5.0,0.0,0.0,1.0,2.0,9.0,11.9,2023-02-13,0.78125,8.0,daniel_gafford
14.0,1.0,1.0,2.0,0.5,0.0,0.0,,0.0,0.0,,0.0,1.0,1.0,1.0,0.0,0.0,1.0,5.0,2.0,-1.0,2023-02-14,0.5,2.0,daniel_gafford
30.0,1.0,7.0,9.0,0.778,0.0,0.0,,1.0,2.0,0.5,5.0,6.0,11.0,1.0,2.0,1.0,2.0,4.0,15.0,16.2,2023-02-26,0.7591093117408906,11.0,daniel_gafford
34.0,1.0,5.0,6.0,0.833,0.0,0.0,,3.0,4.0,0.75,4.0,8.0,12.0,2.0,1.0,3.0,2.0,2.0,13.0,17.3,2023-02-28,0.8376288659793815,10.0,daniel_gafford
31.0,1.0,8.0,10.0,0.8,0.0,0.0,,2.0,3.0,0.667,3.0,2.0,5.0,2.0,0.0,1.0,0.0,1.0,18.0,18.2,2023-03-02,0.7950530035335689,13.0,daniel_gafford
24.0,1.0,4.0,5.0,0.8,0.0,0.0,,1.0,2.0,0.5,1.0,3.0,4.0,1.0,1.0,0.0,1.0,1.0,9.0,8.6,2023-03-04,0.7653061224489796,7.0,daniel_gafford
24.0,1.0,4.0,7.0,0.571,0.0,0.0,,0.0,0.0,,4.0,2.0,6.0,0.0,0.0,0.0,1.0,3.0,8.0,5.9,2023-03-05,0.5714285714285714,7.0,daniel_gafford
24.0,1.0,4.0,5.0,0.8,0.0,0.0,,0.0,0.0,,2.0,5.0,7.0,1.0,1.0,1.0,2.0,4.0,8.0,7.8,2023-03-07,0.8,5.0,daniel_gafford
22.0,1.0,2.0,3.0,0.667,0.0,0.0,,0.0,0.0,,0.0,2.0,2.0,2.0,1.0,0.0,2.0,0.0,4.0,3.7,2023-03-08,0.6666666666666666,3.0,daniel_gafford
28.0,1.0,6.0,7.0,0.857,0.0,0.0,,1.0,1.0,1.0,4.0,4.0,8.0,2.0,0.0,1.0,1.0,1.0,13.0,15.2,2023-03-10,0.8736559139784946,8.0,daniel_gafford
21.0,1.0,2.0,3.0,0.667,0.0,0.0,,3.0,4.0,0.75,1.0,2.0,3.0,0.0,0.0,0.0,0.0,2.0,7.0,5.8,2023-03-12,0.7352941176470589,7.0,daniel_gafford
22.0,1.0,2.0,4.0,0.5,0.0,0.0,,0.0,0.0,,2.0,4.0,6.0,4.0,2.0,3.0,0.0,0.0,4.0,11.5,2023-03-14,0.5,4.0,daniel_gafford
21.0,1.0,2.0,4.0,0.5,0.0,0.0,,2.0,2.0,1.0,2.0,3.0,5.0,2.0,1.0,1.0,2.0,3.0,6.0,6.2,2023-03-17,0.6147540983606558,6.0,daniel_gafford
13.0,1.0,2.0,3.0,0.667,0.0,0.0,,3.0,3.0,1.0,2.0,0.0,2.0,3.0,1.0,1.0,1.0,4.0,7.0,8.3,2023-03-18,0.8101851851851851,6.0,daniel_gafford
24.0,1.0,6.0,7.0,0.857,0.0,0.0,,0.0,0.0,,0.0,3.0,3.0,0.0,1.0,2.0,1.0,4.0,12.0,10.2,2023-03-21,0.8571428571428571,7.0,daniel_gafford
28.0,1.0,3.0,6.0,0.5,0.0,0.0,,0.0,0.0,,2.0,3.0,5.0,0.0,0.0,1.0,0.0,5.0,6.0,4.0,2023-03-22,0.5,6.0,daniel_gafford
31.0,1.0,4.0,5.0,0.8,0.0,0.0,,1.0,2.0,0.5,0.0,3.0,3.0,1.0,0.0,2.0,2.0,3.0,9.0,6.5,2023-03-24,0.7653061224489796,7.0,daniel_gafford
28.0,1.0,3.0,9.0,0.333,0.0,0.0,,4.0,6.0,0.667,5.0,3.0,8.0,3.0,0.0,1.0,1.0,2.0,10.0,9.5,2023-03-26,0.42955326460481097,15.0,daniel_gafford
32.0,1.0,8.0,14.0,0.571,0.0,0.0,,2.0,3.0,0.667,7.0,6.0,13.0,1.0,1.0,2.0,3.0,5.0,18.0,15.8,2023-03-31,0.5874673629242819,17.0,daniel_gafford
21.0,1.0,7.0,10.0,0.7,0.0,0.0,,1.0,2.0,0.5,2.0,5.0,7.0,2.0,0.0,0.0,1.0,4.0,15.0,12.1,2023-04-04,0.6893382352941176,12.0,daniel_gafford
22.0,1.0,8.0,10.0,0.8,0.0,0.0,,9.0,9.0,1.0,4.0,6.0,10.0,1.0,1.0,2.0,3.0,3.0,25.0,24.7,2023-04-05,0.8954154727793696,19.0,daniel_gafford
24.0,1.0,9.0,10.0,0.9,0.0,0.0,,4.0,4.0,1.0,3.0,5.0,8.0,4.0,0.0,1.0,2.0,3.0,22.0,22.5,2023-04-07,0.935374149659864,14.0,daniel_gafford
15.0,0.0,1.0,3.0,0.333,0.0,1.0,0.0,0.0,0.0,,0.0,2.0,2.0,0.0,0.0,1.0,0.0,3.0,2.0,0.4,2022-10-19,0.3333333333333333,3.0,anthony_gill
18.0,0.0,4.0,6.0,0.667,0.0,1.0,0.0,2.0,2.0,1.0,3.0,2.0,5.0,2.0,1.0,0.0,0.0,2.0,10.0,11.7,2022-10-30,0.7267441860465116,8.0,anthony_gill
25.0,1.0,5.0,10.0,0.5,1.0,3.0,0.333,0.0,0.0,,2.0,2.0,4.0,2.0,0.0,0.0,2.0,0.0,11.0,7.4,2022-10-31,0.55,10.0,anthony_gill
28.0,1.0,4.0,6.0,0.667,0.0,0.0,,0.0,0.0,,3.0,1.0,4.0,0.0,1.0,0.0,0.0,2.0,8.0,8.0,2022-11-04,0.6666666666666666,6.0,anthony_gill
16.0,0.0,2.0,3.0,0.667,0.0,0.0,,2.0,2.0,1.0,1.0,0.0,1.0,1.0,0.0,0.0,0.0,3.0,6.0,4.9,2022-11-07,0.7731958762886598,5.0,anthony_gill
15.0,1.0,1.0,2.0,0.5,0.0,0.0,,0.0,0.0,,0.0,2.0,2.0,1.0,0.0,0.0,0.0,4.0,2.0,0.7,2022-11-10,0.5,2.0,anthony_gill
14.0,0.0,1.0,2.0,0.5,0.0,1.0,0.0,3.0,5.0,0.6,1.0,2.0,3.0,0.0,0.0,0.0,0.0,2.0,5.0,3.7,2022-11-27,0.5952380952380952,7.0,anthony_gill
11.0,0.0,2.0,5.0,0.4,0.0,1.0,0.0,0.0,0.0,,1.0,1.0,2.0,0.0,0.0,0.0,0.0,1.0,4.0,1.9,2022-11-28,0.4,5.0,anthony_gill
11.0,0.0,3.0,4.0,0.75,0.0,1.0,0.0,0.0,0.0,,1.0,1.0,2.0,1.0,1.0,0.0,0.0,1.0,6.0,6.7,2022-12-14,0.75,4.0,anthony_gill
22.0,0.0,7.0,11.0,0.636,0.0,2.0,0.0,4.0,5.0,0.8,3.0,1.0,4.0,1.0,0.0,0.0,0.0,3.0,18.0,14.6,2023-01-11,0.6818181818181819,16.0,anthony_gill
19.0,0.0,2.0,3.0,0.667,0.0,0.0,,2.0,2.0,1.0,1.0,3.0,4.0,1.0,0.0,0.0,0.0,4.0,6.0,5.4,2023-01-24,0.7731958762886598,5.0,anthony_gill
20.0,0.0,2.0,4.0,0.5,1.0,1.0,1.0,1.0,2.0,0.5,2.0,0.0,2.0,1.0,0.0,0.0,1.0,2.0,6.0,3.9,2023-02-06,0.6147540983606558,6.0,anthony_gill
19.0,0.0,3.0,4.0,0.75,0.0,1.0,0.0,1.0,1.0,1.0,0.0,3.0,3.0,2.0,0.0,1.0,1.0,1.0,7.0,7.0,2023-02-08,0.7882882882882882,5.0,anthony_gill
12.0,0.0,2.0,3.0,0.667,0.0,0.0,,2.0,2.0,1.0,1.0,0.0,1.0,0.0,0.0,2.0,1.0,0.0,6.0,5.8,2023-02-13,0.7731958762886598,5.0,anthony_gill
18.0,1.0,1.0,4.0,0.25,0.0,1.0,0.0,0.0,0.0,,2.0,4.0,6.0,1.0,0.0,0.0,1.0,1.0,2.0,1.5,2023-03-05,0.25,4.0,anthony_gill
13.0,0.0,1.0,3.0,0.333,0.0,1.0,0.0,4.0,4.0,1.0,1.0,5.0,6.0,0.0,1.0,2.0,0.0,3.0,6.0,7.7,2023-03-18,0.6302521008403361,7.0,anthony_gill
18.0,0.0,1.0,3.0,0.333,0.0,0.0,,2.0,3.0,0.667,1.0,0.0,1.0,2.0,0.0,1.0,0.0,2.0,4.0,3.9,2023-03-24,0.4629629629629629,6.0,anthony_gill
11.0,0.0,2.0,3.0,0.667,0.0,0.0,,0.0,0.0,,0.0,0.0,0.0,2.0,0.0,0.0,1.0,0.0,4.0,3.1,2023-03-28,0.6666666666666666,3.0,anthony_gill
21.0,1.0,2.0,4.0,0.5,1.0,1.0,1.0,3.0,5.0,0.6,1.0,2.0,3.0,1.0,0.0,0.0,1.0,2.0,8.0,5.4,2023-04-04,0.6451612903225806,9.0,anthony_gill
19.0,1.0,2.0,4.0,0.5,0.0,1.0,0.0,0.0,2.0,0.0,3.0,2.0,5.0,0.0,0.0,0.0,0.0,3.0,4.0,2.7,2023-04-05,0.4098360655737705,6.0,anthony_gill
19.0,1.0,2.0,5.0,0.4,0.0,2.0,0.0,0.0,0.0,,0.0,3.0,3.0,2.0,0.0,0.0,1.0,1.0,4.0,2.2,2023-04-07,0.4,5.0,anthony_gill
20.0,0.0,3.0,8.0,0.375,0.0,2.0,0.0,2.0,4.0,0.5,0.0,2.0,2.0,2.0,1.0,0.0,0.0,3.0,8.0,4.6,2023-04-09,0.4098360655737705,12.0,anthony_gill
18.0,0.0,5.0,11.0,0.455,0.0,2.0,0.0,1.0,1.0,1.0,1.0,4.0,5.0,0.0,0.0,0.0,1.0,1.0,11.0,5.8,2023-03-14,0.4807692307692308,12.0,johnny_davis
18.0,0.0,2.0,3.0,0.667,0.0,0.0,,0.0,0.0,,0.0,4.0,4.0,0.0,0.0,0.0,1.0,2.0,4.0,2.1,2023-03-17,0.6666666666666666,3.0,johnny_davis
12.0,0.0,2.0,5.0,0.4,0.0,2.0,0.0,0.0,3.0,0.0,0.0,0.0,0.0,0.0,0.0,1.0,0.0,0.0,4.0,0.8,2023-03-18,0.3164556962025316,8.0,johnny_davis
23.0,0.0,3.0,9.0,0.333,0.0,3.0,0.0,1.0,2.0,0.5,2.0,1.0,3.0,0.0,1.0,0.0,0.0,4.0,7.0,2.6,2023-03-22,0.35425101214574894,11.0,johnny_davis
29.0,0.0,5.0,8.0,0.625,3.0,4.0,0.75,2.0,4.0,0.5,1.0,3.0,4.0,2.0,1.0,0.0,1.0,1.0,15.0,13.2,2023-03-26,0.7684426229508197,12.0,johnny_davis
23.0,0.0,3.0,9.0,0.333,1.0,5.0,0.2,0.0,0.0,,2.0,6.0,8.0,1.0,0.0,0.0,0.0,2.0,7.0,5.0,2023-03-28,0.3888888888888889,9.0,johnny_davis
28.0,0.0,4.0,15.0,0.267,2.0,10.0,0.2,0.0,0.0,,0.0,3.0,3.0,1.0,0.0,2.0,2.0,3.0,10.0,0.9,2023-03-31,0.3333333333333333,15.0,johnny_davis
30.0,1.0,6.0,11.0,0.545,2.0,6.0,0.333,2.0,4.0,0.5,0.0,6.0,6.0,3.0,0.0,0.0,0.0,3.0,16.0,12.6,2023-04-02,0.6269592476489029,15.0,johnny_davis
36.0,1.0,9.0,17.0,0.529,2.0,5.0,0.4,0.0,1.0,0.0,0.0,5.0,5.0,4.0,2.0,2.0,1.0,2.0,20.0,17.2,2023-04-04,0.573394495412844,18.0,johnny_davis
35.0,1.0,8.0,18.0,0.444,1.0,4.0,0.25,3.0,5.0,0.6,0.0,7.0,7.0,3.0,2.0,2.0,4.0,4.0,20.0,11.8,2023-04-05,0.49504950495049505,23.0,johnny_davis
37.0,1.0,7.0,20.0,0.35,2.0,8.0,0.25,0.0,0.0,,0.0,4.0,4.0,1.0,1.0,0.0,2.0,3.0,16.0,4.5,2023-04-07,0.4,20.0,johnny_davis
39.0,1.0,4.0,20.0,0.2,3.0,15.0,0.2,2.0,4.0,0.5,3.0,5.0,8.0,8.0,2.0,0.0,2.0,4.0,13.0,7.4,2023-04-09,0.29871323529411764,24.0,johnny_davis
17.0,0.0,1.0,4.0,0.25,0.0,2.0,0.0,2.0,2.0,1.0,0.0,1.0,1.0,1.0,0.0,1.0,0.0,2.0,4.0,2.5,2023-04-02,0.4098360655737705,6.0,quenton_jackson
22.0,0.0,2.0,5.0,0.4,0.0,1.0,0.0,6.0,6.0,1.0,0.0,1.0,1.0,4.0,1.0,0.0,0.0,0.0,10.0,11.4,2023-04-04,0.6544502617801047,11.0,quenton_jackson
27.0,0.0,4.0,11.0,0.364,0.0,3.0,0.0,2.0,2.0,1.0,1.0,1.0,2.0,2.0,0.0,0.0,1.0,2.0,10.0,4.5,2023-04-05,0.42087542087542085,13.0,quenton_jackson
22.0,0.0,0.0,3.0,0.0,0.0,1.0,0.0,6.0,10.0,0.6,0.0,1.0,1.0,2.0,0.0,0.0,3.0,2.0,6.0,0.2,2023-04-07,0.4054054054054054,13.0,quenton_jackson
32.0,0.0,9.0,13.0,0.692,0.0,2.0,0.0,1.0,2.0,0.5,0.0,2.0,2.0,5.0,2.0,0.0,0.0,3.0,19.0,18.0,2023-04-09,0.6844380403458213,15.0,quenton_jackson
23.0,1.0,3.0,6.0,0.5,0.0,3.0,0.0,0.0,1.0,0.0,0.0,3.0,3.0,3.0,0.0,0.0,0.0,0.0,6.0,5.6,2022-11-06,0.4658385093167702,7.0,corey_kispert
19.0,1.0,3.0,4.0,0.75,1.0,2.0,0.5,1.0,1.0,1.0,0.0,3.0,3.0,1.0,0.0,0.0,1.0,4.0,8.0,5.4,2022-11-07,0.9009009009009008,5.0,corey_kispert
23.0,1.0,2.0,4.0,0.5,1.0,2.0,0.5,2.0,2.0,1.0,0.0,0.0,0.0,1.0,2.0,0.0,0.0,1.0,7.0,7.3,2022-11-10,0.7172131147540983,6.0,corey_kispert
32.0,1.0,5.0,8.0,0.625,2.0,2.0,1.0,0.0,0.0,,0.0,2.0,2.0,1.0,2.0,0.0,1.0,0.0,12.0,10.7,2022-11-13,0.75,8.0,corey_kispert
11.0,0.0,1.0,3.0,0.333,0.0,2.0,0.0,0.0,0.0,,0.0,0.0,0.0,2.0,0.0,0.0,2.0,1.0,2.0,-0.7,2022-11-16,0.3333333333333333,3.0,corey_kispert
38.0,0.0,6.0,9.0,0.667,5.0,8.0,0.625,0.0,0.0,,2.0,2.0,4.0,3.0,2.0,0.0,0.0,2.0,17.0,18.4,2022-11-18,0.9444444444444444,9.0,corey_kispert
32.0,1.0,4.0,7.0,0.571,2.0,3.0,0.667,4.0,4.0,1.0,2.0,4.0,6.0,3.0,0.0,1.0,0.0,0.0,14.0,16.1,2022-11-20,0.7990867579908676,11.0,corey_kispert
39.0,1.0,3.0,8.0,0.375,2.0,6.0,0.333,0.0,0.0,,1.0,1.0,2.0,2.0,1.0,0.0,2.0,1.0,8.0,4.6,2022-11-23,0.5,8.0,corey_kispert
34.0,1.0,2.0,9.0,0.222,1.0,7.0,0.143,0.0,1.0,0.0,2.0,0.0,2.0,4.0,1.0,0.0,1.0,2.0,5.0,2.5,2022-11-25,0.2648305084745763,10.0,corey_kispert
21.0,1.0,3.0,8.0,0.375,1.0,3.0,0.333,1.0,2.0,0.5,0.0,1.0,1.0,0.0,0.0,0.0,0.0,1.0,8.0,3.1,2022-11-27,0.4504504504504504,10.0,corey_kispert
21.0,0.0,3.0,5.0,0.6,1.0,3.0,0.333,1.0,2.0,0.5,0.0,2.0,2.0,0.0,0.0,1.0,1.0,3.0,8.0,4.4,2022-11-30,0.6802721088435374,7.0,corey_kispert
31.0,0.0,5.0,8.0,0.625,4.0,7.0,0.571,0.0,0.0,,1.0,4.0,5.0,1.0,1.0,1.0,0.0,4.0,14.0,13.1,2022-12-02,0.875,8.0,corey_kispert
30.0,1.0,4.0,8.0,0.5,2.0,5.0,0.4,0.0,0.0,,1.0,2.0,3.0,1.0,2.0,0.0,2.0,2.0,10.0,7.2,2022-12-07,0.625,8.0,corey_kispert
32.0,1.0,3.0,7.0,0.429,0.0,4.0,0.0,2.0,3.0,0.667,1.0,3.0,4.0,2.0,0.0,0.0,1.0,4.0,8.0,4.3,2022-12-09,0.4807692307692307,10.0,corey_kispert
42.0,1.0,3.0,11.0,0.273,1.0,5.0,0.2,0.0,0.0,,2.0,3.0,5.0,1.0,0.0,0.0,0.0,0.0,7.0,3.5,2022-12-10,0.3181818181818182,11.0,corey_kispert
35.0,1.0,3.0,11.0,0.273,2.0,6.0,0.333,1.0,1.0,1.0,2.0,2.0,4.0,1.0,1.0,0.0,1.0,1.0,9.0,4.8,2022-12-12,0.3933566433566434,12.0,corey_kispert
34.0,1.0,6.0,10.0,0.6,4.0,6.0,0.667,0.0,0.0,,0.0,1.0,1.0,2.0,0.0,1.0,0.0,3.0,16.0,12.6,2022-12-14,0.8,10.0,corey_kispert
32.0,1.0,3.0,8.0,0.375,1.0,4.0,0.25,0.0,0.0,,1.0,1.0,2.0,1.0,0.0,0.0,1.0,3.0,7.0,2.1,2022-12-17,0.4375,8.0,corey_kispert
16.0,0.0,2.0,5.0,0.4,1.0,4.0,0.25,1.0,1.0,1.0,0.0,1.0,1.0,1.0,0.0,0.0,0.0,1.0,6.0,3.9,2022-12-18,0.551470588235294,6.0,corey_kispert
18.0,0.0,2.0,5.0,0.4,1.0,3.0,0.333,1.0,2.0,0.5,0.0,2.0,2.0,0.0,0.0,0.0,0.0,0.0,6.0,3.5,2022-12-20,0.5102040816326531,7.0,corey_kispert
37.0,1.0,4.0,8.0,0.5,2.0,5.0,0.4,2.0,2.0,1.0,0.0,2.0,2.0,2.0,1.0,0.0,0.0,1.0,12.0,10.6,2022-12-22,0.6756756756756757,10.0,corey_kispert
25.0,0.0,4.0,7.0,0.571,1.0,4.0,0.25,0.0,0.0,,0.0,4.0,4.0,1.0,1.0,0.0,1.0,2.0,9.0,6.8,2022-12-23,0.6428571428571429,7.0,corey_kispert
16.0,0.0,2.0,7.0,0.286,1.0,4.0,0.25,3.0,3.0,1.0,0.0,3.0,3.0,1.0,1.0,0.0,1.0,1.0,8.0,5.1,2022-12-27,0.4807692307692307,10.0,corey_kispert
27.0,1.0,2.0,6.0,0.333,1.0,5.0,0.2,2.0,3.0,0.667,0.0,1.0,1.0,1.0,1.0,0.0,1.0,0.0,7.0,4.2,2022-12-28,0.4781420765027322,9.0,corey_kispert
37.0,1.0,3.0,7.0,0.429,3.0,6.0,0.5,2.0,2.0,1.0,0.0,5.0,5.0,1.0,0.0,0.0,2.0,0.0,11.0,7.5,2022-12-30,0.6979695431472082,9.0,corey_kispert
23.0,0.0,5.0,9.0,0.556,2.0,4.0,0.5,0.0,0.0,,0.0,1.0,1.0,0.0,0.0,0.0,0.0,1.0,12.0,7.6,2023-01-03,0.6666666666666666,9.0,corey_kispert
26.0,1.0,2.0,8.0,0.25,1.0,3.0,0.333,2.0,2.0,1.0,2.0,5.0,7.0,0.0,1.0,0.0,0.0,1.0,7.0,5.7,2023-01-06,0.3941441441441441,10.0,corey_kispert
33.0,1.0,5.0,12.0,0.417,5.0,10.0,0.5,2.0,2.0,1.0,0.0,5.0,5.0,1.0,1.0,0.0,3.0,2.0,17.0,10.0,2023-01-09,0.6599378881987578,14.0,corey_kispert
24.0,1.0,2.0,5.0,0.4,2.0,5.0,0.4,0.0,0.0,,0.0,3.0,3.0,2.0,0.0,0.0,4.0,2.0,6.0,0.8,2023-01-11,0.6,5.0,corey_kispert
36.0,1.0,4.0,6.0,0.667,2.0,4.0,0.5,3.0,3.0,1.0,0.0,5.0,5.0,2.0,1.0,1.0,0.0,3.0,13.0,13.8,2023-01-13,0.8879781420765027,9.0,corey_kispert
27.0,1.0,2.0,5.0,0.4,1.0,4.0,0.25,0.0,0.0,,0.0,2.0,2.0,1.0,0.0,0.0,1.0,1.0,5.0,2.2,2023-01-16,0.5,5.0,corey_kispert
14.0,0.0,1.0,2.0,0.5,1.0,2.0,0.5,2.0,2.0,1.0,0.0,1.0,1.0,1.0,0.0,0.0,0.0,0.0,5.0,5.0,2023-01-18,0.8680555555555556,4.0,corey_kispert
33.0,1.0,4.0,10.0,0.4,2.0,6.0,0.333,4.0,4.0,1.0,1.0,6.0,7.0,1.0,1.0,0.0,2.0,1.0,14.0,10.4,2023-01-24,0.5952380952380952,14.0,corey_kispert
20.0,1.0,2.0,8.0,0.25,1.0,6.0,0.167,2.0,2.0,1.0,1.0,3.0,4.0,2.0,2.0,0.0,0.0,2.0,7.0,6.4,2023-01-25,0.3941441441441441,10.0,corey_kispert
27.0,1.0,5.0,11.0,0.455,4.0,7.0,0.571,0.0,0.0,,0.0,2.0,2.0,2.0,2.0,0.0,1.0,1.0,14.0,10.9,2023-01-30,0.6363636363636364,11.0,corey_kispert
22.0,0.0,5.0,8.0,0.625,2.0,3.0,0.667,0.0,0.0,,0.0,2.0,2.0,0.0,1.0,0.0,0.0,0.0,12.0,10.0,2023-02-03,0.75,8.0,corey_kispert
36.0,1.0,5.0,8.0,0.625,3.0,5.0,0.6,2.0,2.0,1.0,0.0,2.0,2.0,0.0,0.0,0.0,0.0,2.0,15.0,11.2,2023-02-04,0.8445945945945945,10.0,corey_kispert
19.0,0.0,1.0,5.0,0.2,1.0,5.0,0.2,1.0,1.0,1.0,1.0,1.0,2.0,1.0,0.0,0.0,2.0,2.0,4.0,-0.2,2023-02-08,0.3676470588235294,6.0,corey_kispert
29.0,1.0,5.0,9.0,0.556,3.0,7.0,0.429,0.0,0.0,,0.0,3.0,3.0,1.0,0.0,0.0,0.0,0.0,13.0,10.3,2023-02-11,0.7222222222222222,9.0,corey_kispert
21.0,1.0,2.0,4.0,0.5,0.0,2.0,0.0,0.0,0.0,,0.0,1.0,1.0,0.0,2.0,1.0,1.0,2.0,4.0,3.2,2023-02-13,0.5,4.0,corey_kispert
18.0,0.0,2.0,4.0,0.5,1.0,3.0,0.333,0.0,0.0,,0.0,3.0,3.0,0.0,0.0,0.0,0.0,2.0,5.0,3.1,2023-02-14,0.625,4.0,corey_kispert
17.0,0.0,1.0,2.0,0.5,1.0,2.0,0.5,0.0,0.0,,0.0,1.0,1.0,0.0,0.0,0.0,0.0,0.0,3.0,2.3,2023-02-24,0.75,2.0,corey_kispert
24.0,0.0,3.0,9.0,0.333,1.0,7.0,0.143,0.0,0.0,,1.0,2.0,3.0,2.0,1.0,0.0,0.0,1.0,7.0,5.2,2023-02-26,0.3888888888888889,9.0,corey_kispert
24.0,0.0,3.0,7.0,0.429,3.0,5.0,0.6,0.0,0.0,,1.0,5.0,6.0,0.0,0.0,0.0,0.0,1.0,9.0,7.1,2023-02-28,0.6428571428571429,7.0,corey_kispert
23.0,0.0,4.0,6.0,0.667,2.0,4.0,0.5,0.0,0.0,,0.0,3.0,3.0,1.0,0.0,0.0,1.0,0.0,10.0,8.0,2023-03-02,0.8333333333333334,6.0,corey_kispert
35.0,0.0,4.0,8.0,0.5,3.0,7.0,0.429,0.0,0.0,,0.0,3.0,3.0,2.0,0.0,0.0,0.0,0.0,11.0,9.3,2023-03-05,0.6875,8.0,corey_kispert
32.0,0.0,4.0,6.0,0.667,2.0,4.0,0.5,0.0,0.0,,0.0,1.0,1.0,0.0,0.0,0.0,0.0,2.0,10.0,6.9,2023-03-08,0.8333333333333334,6.0,corey_kispert
22.0,0.0,3.0,7.0,0.429,1.0,5.0,0.2,0.0,0.0,,0.0,2.0,2.0,1.0,0.0,1.0,1.0,2.0,7.0,3.5,2023-03-10,0.5,7.0,corey_kispert
33.0,0.0,9.0,13.0,0.692,3.0,7.0,0.429,4.0,4.0,1.0,0.0,3.0,3.0,1.0,0.0,0.0,0.0,1.0,25.0,20.7,2023-03-12,0.8468834688346883,17.0,corey_kispert
33.0,1.0,6.0,14.0,0.429,2.0,8.0,0.25,2.0,2.0,1.0,1.0,1.0,2.0,0.0,1.0,0.0,1.0,1.0,16.0,9.2,2023-03-14,0.5376344086021505,16.0,corey_kispert
30.0,1.0,5.0,12.0,0.417,3.0,8.0,0.375,0.0,0.0,,3.0,2.0,5.0,3.0,0.0,0.0,1.0,1.0,13.0,10.0,2023-03-18,0.5416666666666666,12.0,corey_kispert
35.0,1.0,4.0,9.0,0.444,1.0,5.0,0.2,0.0,0.0,,0.0,4.0,4.0,3.0,0.0,0.0,2.0,4.0,9.0,4.0,2023-03-21,0.5,9.0,corey_kispert
30.0,1.0,3.0,10.0,0.3,1.0,7.0,0.143,2.0,2.0,1.0,1.0,2.0,3.0,2.0,0.0,0.0,0.0,0.0,9.0,5.9,2023-03-22,0.41360294117647056,12.0,corey_kispert
36.0,1.0,9.0,14.0,0.643,6.0,9.0,0.667,2.0,5.0,0.4,0.0,5.0,5.0,2.0,0.0,1.0,1.0,2.0,26.0,20.4,2023-03-24,0.8024691358024691,19.0,corey_kispert
39.0,1.0,7.0,16.0,0.438,5.0,11.0,0.455,0.0,0.0,,0.0,3.0,3.0,0.0,0.0,0.0,4.0,2.0,19.0,6.7,2023-03-26,0.59375,16.0,corey_kispert
33.0,1.0,5.0,11.0,0.455,3.0,6.0,0.5,2.0,2.0,1.0,1.0,1.0,2.0,2.0,0.0,0.0,0.0,2.0,15.0,10.9,2023-03-28,0.6313131313131313,13.0,corey_kispert
41.0,1.0,9.0,14.0,0.643,9.0,14.0,0.643,0.0,0.0,,0.0,3.0,3.0,0.0,0.0,0.0,0.0,3.0,27.0,20.5,2023-03-31,0.9642857142857143,14.0,corey_kispert
34.0,1.0,10.0,19.0,0.526,4.0,11.0,0.364,5.0,5.0,1.0,0.0,3.0,3.0,0.0,0.0,0.0,1.0,1.0,29.0,19.2,2023-04-02,0.6839622641509434,24.0,corey_kispert
34.0,1.0,6.0,15.0,0.4,0.0,4.0,0.0,0.0,0.0,,2.0,2.0,4.0,1.0,0.0,0.0,0.0,1.0,12.0,6.2,2023-04-04,0.4,15.0,corey_kispert
28.0,1.0,5.0,12.0,0.417,2.0,8.0,0.25,0.0,2.0,0.0,0.0,2.0,2.0,1.0,1.0,0.0,1.0,3.0,12.0,4.9,2023-04-05,0.4658385093167702,14.0,corey_kispert
34.0,1.0,5.0,12.0,0.417,3.0,9.0,0.333,6.0,6.0,1.0,0.0,3.0,3.0,1.0,0.0,1.0,2.0,0.0,19.0,12.9,2023-04-07,0.6489071038251366,18.0,corey_kispert
12.0,0.0,4.0,6.0,0.667,0.0,1.0,0.0,4.0,4.0,1.0,0.0,0.0,0.0,0.0,1.0,0.0,0.0,2.0,12.0,9.6,2022-11-27,0.7731958762886598,10.0,taj_gibson
17.0,1.0,2.0,5.0,0.4,1.0,3.0,0.333,3.0,4.0,0.75,1.0,1.0,2.0,2.0,2.0,1.0,0.0,6.0,8.0,7.6,2022-12-14,0.591715976331361,9.0,taj_gibson
13.0,0.0,4.0,6.0,0.667,0.0,1.0,0.0,0.0,2.0,0.0,1.0,1.0,2.0,0.0,0.0,0.0,2.0,6.0,8.0,1.2,2022-12-23,0.5813953488372093,8.0,taj_gibson
14.0,0.0,3.0,4.0,0.75,0.0,0.0,,1.0,1.0,1.0,2.0,1.0,3.0,2.0,0.0,1.0,1.0,4.0,7.0,6.6,2022-12-27,0.7882882882882882,5.0,taj_gibson
24.0,1.0,3.0,7.0,0.429,0.0,1.0,0.0,3.0,5.0,0.6,3.0,5.0,8.0,3.0,1.0,1.0,0.0,2.0,9.0,11.1,2023-01-11,0.48913043478260876,12.0,taj_gibson
11.0,0.0,2.0,2.0,1.0,0.0,0.0,,1.0,2.0,0.5,1.0,1.0,2.0,1.0,0.0,0.0,1.0,2.0,5.0,3.9,2023-01-13,0.8680555555555556,4.0,taj_gibson
12.0,0.0,1.0,2.0,0.5,0.0,0.0,,0.0,0.0,,1.0,2.0,3.0,2.0,0.0,0.0,3.0,2.0,2.0,-0.1,2023-01-21,0.5,2.0,taj_gibson
17.0,0.0,4.0,6.0,0.667,0.0,1.0,0.0,1.0,2.0,0.5,5.0,5.0,10.0,3.0,0.0,1.0,2.0,4.0,9.0,10.2,2023-01-28,0.6540697674418605,8.0,taj_gibson
17.0,0.0,2.0,4.0,0.5,0.0,0.0,,0.0,0.0,,0.0,1.0,1.0,4.0,0.0,0.0,0.0,3.0,4.0,3.9,2023-01-30,0.5,4.0,taj_gibson
12.0,0.0,3.0,6.0,0.5,0.0,0.0,,0.0,0.0,,1.0,2.0,3.0,0.0,1.0,1.0,0.0,2.0,6.0,5.2,2023-02-06,0.5,6.0,taj_gibson
11.0,0.0,2.0,3.0,0.667,1.0,1.0,1.0,1.0,2.0,0.5,0.0,1.0,1.0,0.0,0.0,0.0,0.0,0.0,6.0,4.6,2023-02-14,0.7731958762886598,5.0,taj_gibson
12.0,0.0,1.0,2.0,0.5,0.0,0.0,,1.0,2.0,0.5,1.0,2.0,3.0,2.0,0.0,0.0,1.0,2.0,3.0,2.5,2023-02-26,0.5208333333333334,4.0,taj_gibson
13.0,0.0,2.0,4.0,0.5,0.0,2.0,0.0,1.0,2.0,0.5,1.0,4.0,5.0,0.0,0.0,0.0,1.0,0.0,5.0,3.5,2023-02-28,0.5122950819672131,6.0,taj_gibson
11.0,0.0,1.0,2.0,0.5,0.0,0.0,,2.0,2.0,1.0,1.0,0.0,1.0,1.0,1.0,0.0,2.0,4.0,4.0,1.8,2023-03-28,0.6944444444444444,4.0,taj_gibson
16.0,0.0,4.0,8.0,0.5,4.0,5.0,0.8,2.0,2.0,1.0,0.0,2.0,2.0,1.0,0.0,0.0,2.0,2.0,14.0,8.5,2023-04-02,0.7882882882882882,10.0,taj_gibson
21.0,1.0,2.0,6.0,0.333,1.0,1.0,1.0,2.0,2.0,1.0,2.0,4.0,6.0,6.0,2.0,0.0,1.0,1.0,7.0,11.0,2022-10-19,0.5087209302325582,8.0,monte_morris
26.0,1.0,4.0,8.0,0.5,1.0,3.0,0.333,0.0,0.0,,0.0,4.0,4.0,3.0,1.0,1.0,0.0,0.0,9.0,10.0,2022-10-21,0.5625,8.0,monte_morris
26.0,1.0,5.0,8.0,0.625,3.0,3.0,1.0,0.0,0.0,,0.0,3.0,3.0,6.0,0.0,0.0,1.0,3.0,13.0,12.3,2022-10-23,0.8125,8.0,monte_morris
29.0,1.0,3.0,8.0,0.375,1.0,4.0,0.25,2.0,4.0,0.5,1.0,5.0,6.0,6.0,0.0,0.0,0.0,3.0,9.0,9.0,2022-10-25,0.4610655737704918,12.0,monte_morris
31.0,1.0,2.0,8.0,0.25,0.0,3.0,0.0,1.0,2.0,0.5,0.0,2.0,2.0,12.0,0.0,1.0,1.0,1.0,5.0,8.1,2022-10-28,0.2815315315315315,10.0,monte_morris
27.0,1.0,1.0,7.0,0.143,0.0,2.0,0.0,1.0,1.0,1.0,0.0,7.0,7.0,2.0,0.0,0.0,0.0,1.0,3.0,1.6,2022-10-30,0.20161290322580644,8.0,monte_morris
35.0,1.0,7.0,13.0,0.538,2.0,3.0,0.667,3.0,3.0,1.0,0.0,3.0,3.0,4.0,3.0,0.0,3.0,1.0,19.0,16.0,2022-10-31,0.6634078212290503,16.0,monte_morris
24.0,1.0,2.0,5.0,0.4,0.0,3.0,0.0,2.0,3.0,0.667,0.0,1.0,1.0,6.0,1.0,0.0,0.0,0.0,6.0,8.4,2022-11-02,0.47468354430379744,8.0,monte_morris
22.0,1.0,2.0,6.0,0.333,0.0,3.0,0.0,0.0,0.0,,0.0,3.0,3.0,5.0,0.0,0.0,3.0,0.0,4.0,2.0,2022-11-04,0.3333333333333333,6.0,monte_morris
33.0,1.0,7.0,12.0,0.583,2.0,5.0,0.4,2.0,2.0,1.0,0.0,0.0,0.0,1.0,1.0,0.0,0.0,1.0,18.0,13.7,2022-11-06,0.6987577639751552,14.0,monte_morris
32.0,1.0,3.0,7.0,0.429,1.0,1.0,1.0,1.0,2.0,0.5,2.0,3.0,5.0,2.0,0.0,1.0,1.0,1.0,8.0,6.9,2022-11-07,0.5076142131979695,9.0,monte_morris
19.0,1.0,3.0,6.0,0.5,0.0,1.0,0.0,0.0,0.0,,0.0,1.0,1.0,3.0,0.0,0.0,1.0,2.0,6.0,3.6,2022-11-10,0.5,6.0,monte_morris
29.0,1.0,2.0,9.0,0.222,1.0,3.0,0.333,0.0,0.0,,1.0,6.0,7.0,9.0,0.0,0.0,0.0,1.0,5.0,7.9,2022-11-12,0.2777777777777778,9.0,monte_morris
27.0,1.0,4.0,10.0,0.4,1.0,4.0,0.25,1.0,2.0,0.5,1.0,5.0,6.0,6.0,2.0,1.0,2.0,0.0,10.0,11.3,2022-11-13,0.45955882352941174,12.0,monte_morris
27.0,1.0,4.0,7.0,0.571,3.0,5.0,0.6,0.0,0.0,,0.0,3.0,3.0,4.0,2.0,0.0,0.0,3.0,11.0,12.2,2022-11-16,0.7857142857142857,7.0,monte_morris
26.0,1.0,3.0,8.0,0.375,0.0,5.0,0.0,0.0,0.0,,0.0,5.0,5.0,5.0,0.0,0.0,0.0,2.0,6.0,5.8,2022-11-18,0.375,8.0,monte_morris
22.0,1.0,3.0,6.0,0.5,1.0,2.0,0.5,0.0,0.0,,1.0,0.0,1.0,5.0,2.0,0.0,0.0,0.0,7.0,10.2,2022-11-28,0.5833333333333334,6.0,monte_morris
28.0,1.0,2.0,6.0,0.333,0.0,1.0,0.0,0.0,0.0,,0.0,4.0,4.0,3.0,1.0,0.0,2.0,3.0,4.0,1.7,2022-11-30,0.3333333333333333,6.0,monte_morris
25.0,1.0,4.0,6.0,0.667,2.0,3.0,0.667,2.0,2.0,1.0,1.0,5.0,6.0,6.0,0.0,0.0,1.0,1.0,12.0,14.4,2022-12-02,0.872093023255814,8.0,monte_morris
30.0,1.0,6.0,14.0,0.429,2.0,6.0,0.333,0.0,0.0,,0.0,1.0,1.0,4.0,1.0,0.0,2.0,1.0,14.0,8.3,2022-12-04,0.5,14.0,monte_morris
37.0,1.0,7.0,13.0,0.538,2.0,6.0,0.333,1.0,1.0,1.0,0.0,2.0,2.0,8.0,0.0,1.0,3.0,3.0,17.0,13.4,2022-12-07,0.6324404761904762,14.0,monte_morris
34.0,1.0,3.0,9.0,0.333,1.0,4.0,0.25,0.0,0.0,,0.0,2.0,2.0,5.0,0.0,0.0,1.0,3.0,7.0,3.8,2022-12-09,0.3888888888888889,9.0,monte_morris
27.0,1.0,7.0,11.0,0.636,4.0,7.0,0.571,2.0,3.0,0.667,0.0,0.0,0.0,7.0,1.0,0.0,0.0,3.0,20.0,19.4,2022-12-14,0.8116883116883117,14.0,monte_morris
30.0,1.0,5.0,9.0,0.556,2.0,2.0,1.0,0.0,0.0,,0.0,3.0,3.0,5.0,1.0,0.0,1.0,2.0,12.0,11.3,2022-12-17,0.6666666666666666,9.0,monte_morris
28.0,1.0,3.0,10.0,0.3,1.0,5.0,0.2,0.0,0.0,,0.0,2.0,2.0,4.0,1.0,0.0,0.0,3.0,7.0,4.4,2022-12-18,0.35,10.0,monte_morris
36.0,1.0,4.0,10.0,0.4,1.0,2.0,0.5,0.0,1.0,0.0,1.0,1.0,2.0,3.0,3.0,1.0,0.0,0.0,9.0,10.0,2022-12-20,0.4310344827586207,11.0,monte_morris
30.0,1.0,2.0,5.0,0.4,1.0,3.0,0.333,0.0,1.0,0.0,0.0,4.0,4.0,4.0,0.0,0.0,2.0,1.0,5.0,3.5,2022-12-22,0.45955882352941174,6.0,monte_morris
32.0,1.0,4.0,7.0,0.571,2.0,5.0,0.4,6.0,6.0,1.0,0.0,2.0,2.0,5.0,3.0,0.0,0.0,1.0,16.0,19.4,2022-12-23,0.8298755186721991,13.0,monte_morris
29.0,1.0,3.0,9.0,0.333,0.0,3.0,0.0,2.0,2.0,1.0,1.0,3.0,4.0,7.0,0.0,0.0,1.0,4.0,8.0,6.8,2022-12-27,0.4048582995951417,11.0,monte_morris
30.0,1.0,4.0,8.0,0.5,1.0,2.0,0.5,3.0,3.0,1.0,1.0,5.0,6.0,8.0,0.0,0.0,0.0,2.0,12.0,15.0,2022-12-28,0.6437768240343348,11.0,monte_morris
27.0,1.0,4.0,5.0,0.8,1.0,2.0,0.5,3.0,4.0,0.75,0.0,3.0,3.0,10.0,1.0,0.0,2.0,1.0,12.0,16.2,2022-12-30,0.8875739644970414,9.0,monte_morris
25.0,1.0,3.0,7.0,0.429,1.0,5.0,0.2,0.0,0.0,,0.0,3.0,3.0,4.0,0.0,1.0,2.0,0.0,7.0,5.7,2023-01-01,0.5,7.0,monte_morris
29.0,1.0,3.0,9.0,0.333,1.0,3.0,0.333,1.0,1.0,1.0,2.0,6.0,8.0,6.0,1.0,0.0,0.0,1.0,8.0,10.9,2023-01-03,0.42372881355932207,10.0,monte_morris
25.0,1.0,4.0,8.0,0.5,1.0,3.0,0.333,1.0,2.0,0.5,0.0,2.0,2.0,3.0,0.0,0.0,2.0,1.0,10.0,5.9,2023-01-06,0.563063063063063,10.0,monte_morris
26.0,1.0,6.0,8.0,0.75,1.0,2.0,0.5,0.0,0.0,,0.0,1.0,1.0,9.0,0.0,0.0,3.0,0.0,13.0,13.4,2023-01-09,0.8125,8.0,monte_morris
28.0,1.0,7.0,13.0,0.538,1.0,3.0,0.333,2.0,2.0,1.0,0.0,2.0,2.0,3.0,0.0,0.0,1.0,0.0,17.0,12.4,2023-01-11,0.6123919308357348,15.0,monte_morris
31.0,1.0,6.0,13.0,0.462,3.0,4.0,0.75,2.0,2.0,1.0,0.0,4.0,4.0,10.0,2.0,0.0,1.0,4.0,17.0,17.9,2023-01-16,0.6123919308357348,15.0,monte_morris
30.0,1.0,5.0,10.0,0.5,3.0,6.0,0.5,0.0,0.0,,2.0,5.0,7.0,5.0,0.0,1.0,0.0,3.0,13.0,13.9,2023-01-18,0.65,10.0,monte_morris
27.0,1.0,5.0,9.0,0.556,1.0,3.0,0.333,2.0,2.0,1.0,0.0,3.0,3.0,5.0,0.0,0.0,0.0,0.0,13.0,13.1,2023-01-24,0.6578947368421052,11.0,monte_morris
27.0,1.0,2.0,7.0,0.286,0.0,3.0,0.0,6.0,6.0,1.0,0.0,3.0,3.0,0.0,1.0,0.0,0.0,1.0,10.0,7.4,2023-01-28,0.5186721991701244,13.0,monte_morris
24.0,1.0,4.0,6.0,0.667,3.0,4.0,0.75,0.0,0.0,,1.0,1.0,2.0,4.0,0.0,0.0,1.0,1.0,11.0,10.8,2023-01-30,0.9166666666666666,6.0,monte_morris
26.0,1.0,3.0,5.0,0.6,1.0,3.0,0.333,0.0,0.0,,0.0,1.0,1.0,6.0,0.0,0.0,3.0,0.0,7.0,6.2,2023-02-03,0.7,5.0,monte_morris
33.0,1.0,7.0,14.0,0.5,2.0,5.0,0.4,2.0,4.0,0.5,1.0,4.0,5.0,8.0,2.0,0.0,2.0,4.0,18.0,16.1,2023-02-04,0.5710659898477157,18.0,monte_morris
22.0,1.0,4.0,8.0,0.5,2.0,4.0,0.5,0.0,0.0,,0.0,3.0,3.0,7.0,1.0,0.0,2.0,0.0,10.0,10.8,2023-02-06,0.625,8.0,monte_morris
27.0,1.0,7.0,10.0,0.7,0.0,2.0,0.0,3.0,3.0,1.0,1.0,5.0,6.0,4.0,1.0,0.0,1.0,0.0,17.0,17.8,2023-02-11,0.7508833922261484,13.0,monte_morris
28.0,1.0,3.0,6.0,0.5,2.0,3.0,0.667,0.0,0.0,,0.0,2.0,2.0,5.0,1.0,0.0,1.0,1.0,8.0,8.7,2023-02-13,0.6666666666666666,6.0,monte_morris
27.0,1.0,2.0,5.0,0.4,2.0,3.0,0.667,0.0,0.0,,1.0,6.0,7.0,4.0,0.0,0.0,1.0,0.0,6.0,7.6,2023-02-14,0.6,5.0,monte_morris
21.0,1.0,2.0,5.0,0.4,0.0,1.0,0.0,1.0,1.0,1.0,0.0,4.0,4.0,6.0,0.0,0.0,1.0,1.0,5.0,6.3,2023-02-16,0.45955882352941174,6.0,monte_morris
27.0,1.0,5.0,8.0,0.625,2.0,3.0,0.667,0.0,0.0,,0.0,2.0,2.0,2.0,1.0,0.0,1.0,4.0,12.0,8.8,2023-02-24,0.75,8.0,monte_morris
16.0,0.0,2.0,7.0,0.286,1.0,3.0,0.333,0.0,0.0,,1.0,3.0,4.0,5.0,0.0,0.0,0.0,0.0,5.0,6.0,2023-03-08,0.35714285714285715,7.0,monte_morris
26.0,1.0,2.0,6.0,0.333,0.0,2.0,0.0,2.0,2.0,1.0,1.0,4.0,5.0,8.0,2.0,1.0,3.0,3.0,6.0,8.6,2023-03-10,0.436046511627907,8.0,monte_morris
25.0,1.0,5.0,8.0,0.625,1.0,2.0,0.5,0.0,0.0,,0.0,4.0,4.0,1.0,0.0,1.0,2.0,1.0,11.0,7.6,2023-03-12,0.6875,8.0,monte_morris
27.0,1.0,6.0,10.0,0.6,0.0,3.0,0.0,1.0,1.0,1.0,1.0,7.0,8.0,4.0,0.0,0.0,2.0,0.0,13.0,12.0,2023-03-14,0.6226053639846744,11.0,monte_morris
28.0,1.0,3.0,10.0,0.3,2.0,4.0,0.5,2.0,2.0,1.0,0.0,2.0,2.0,5.0,0.0,0.0,1.0,0.0,10.0,7.3,2023-03-17,0.45955882352941174,12.0,monte_morris
20.0,1.0,2.0,6.0,0.333,1.0,2.0,0.5,2.0,2.0,1.0,0.0,2.0,2.0,3.0,0.0,0.0,0.0,0.0,7.0,6.3,2023-03-18,0.5087209302325582,8.0,monte_morris
31.0,1.0,5.0,10.0,0.5,2.0,5.0,0.4,2.0,2.0,1.0,0.0,2.0,2.0,8.0,0.0,0.0,1.0,0.0,14.0,14.2,2023-03-21,0.6433823529411764,12.0,monte_morris
23.0,1.0,4.0,10.0,0.4,0.0,3.0,0.0,0.0,0.0,,1.0,1.0,2.0,5.0,2.0,0.0,1.0,0.0,8.0,8.1,2023-03-22,0.4,10.0,monte_morris
19.0,1.0,5.0,8.0,0.625,0.0,1.0,0.0,0.0,0.0,,1.0,1.0,2.0,4.0,0.0,1.0,0.0,0.0,10.0,10.9,2023-03-24,0.625,8.0,monte_morris
28.0,1.0,9.0,15.0,0.6,1.0,6.0,0.167,0.0,0.0,,0.0,3.0,3.0,9.0,1.0,2.0,0.0,0.0,19.0,21.7,2023-03-28,0.6333333333333333,15.0,monte_morris
13.0,1.0,1.0,5.0,0.2,1.0,3.0,0.333,1.0,1.0,1.0,1.0,2.0,3.0,5.0,1.0,0.0,0.0,0.0,4.0,6.7,2023-03-31,0.3676470588235294,6.0,monte_morris
31.0,1.0,5.0,14.0,0.357,1.0,5.0,0.2,4.0,6.0,0.667,2.0,8.0,10.0,3.0,0.0,2.0,2.0,2.0,15.0,10.9,2022-10-19,0.45072115384615385,20.0,kristaps_porzingis
28.0,1.0,6.0,13.0,0.462,2.0,5.0,0.4,0.0,0.0,,0.0,3.0,3.0,2.0,1.0,2.0,1.0,6.0,14.0,8.6,2022-10-21,0.5384615384615384,13.0,kristaps_porzingis
37.0,1.0,7.0,16.0,0.438,4.0,8.0,0.5,0.0,1.0,0.0,1.0,10.0,11.0,3.0,1.0,1.0,2.0,4.0,18.0,13.1,2022-10-23,0.5474452554744526,17.0,kristaps_porzingis
25.0,1.0,8.0,13.0,0.615,2.0,4.0,0.5,2.0,2.0,1.0,4.0,3.0,7.0,2.0,0.0,0.0,3.0,5.0,20.0,14.2,2022-10-25,0.7204610951008645,15.0,kristaps_porzingis
30.0,1.0,7.0,13.0,0.538,2.0,4.0,0.5,6.0,7.0,0.857,2.0,4.0,6.0,1.0,1.0,0.0,2.0,4.0,22.0,16.0,2022-10-28,0.6840796019900498,20.0,kristaps_porzingis
27.0,1.0,8.0,16.0,0.5,0.0,4.0,0.0,1.0,2.0,0.5,7.0,6.0,13.0,1.0,0.0,2.0,3.0,3.0,17.0,13.2,2022-10-30,0.5035545023696683,18.0,kristaps_porzingis
34.0,1.0,10.0,17.0,0.588,3.0,7.0,0.429,9.0,9.0,1.0,4.0,5.0,9.0,3.0,2.0,0.0,0.0,3.0,32.0,31.3,2022-10-31,0.7633587786259541,26.0,kristaps_porzingis
34.0,1.0,9.0,13.0,0.692,1.0,4.0,0.25,11.0,11.0,1.0,0.0,9.0,9.0,3.0,1.0,3.0,1.0,1.0,30.0,31.0,2022-11-02,0.8408071748878924,24.0,kristaps_porzingis
25.0,1.0,4.0,11.0,0.364,2.0,4.0,0.5,4.0,6.0,0.667,3.0,7.0,10.0,1.0,0.0,0.0,1.0,2.0,14.0,10.2,2022-11-04,0.5131964809384164,17.0,kristaps_porzingis
30.0,1.0,3.0,13.0,0.231,1.0,6.0,0.167,3.0,4.0,0.75,1.0,3.0,4.0,3.0,1.0,3.0,4.0,5.0,10.0,2.5,2022-11-06,0.33875338753387535,17.0,kristaps_porzingis
30.0,1.0,6.0,14.0,0.429,1.0,6.0,0.167,6.0,8.0,0.75,1.0,7.0,8.0,5.0,0.0,1.0,1.0,4.0,19.0,15.2,2022-11-07,0.5422374429223744,22.0,kristaps_porzingis
32.0,1.0,12.0,20.0,0.6,4.0,8.0,0.5,3.0,5.0,0.6,1.0,9.0,10.0,2.0,1.0,2.0,1.0,0.0,31.0,27.2,2022-11-12,0.6981981981981982,25.0,kristaps_porzingis
31.0,1.0,7.0,15.0,0.467,6.0,10.0,0.6,5.0,6.0,0.833,3.0,3.0,6.0,2.0,2.0,2.0,2.0,4.0,25.0,21.1,2022-11-13,0.7086167800453514,21.0,kristaps_porzingis
36.0,1.0,8.0,15.0,0.533,4.0,7.0,0.571,7.0,9.0,0.778,2.0,7.0,9.0,4.0,1.0,1.0,2.0,1.0,27.0,24.5,2022-11-16,0.7120253164556962,24.0,kristaps_porzingis
39.0,1.0,7.0,20.0,0.35,1.0,6.0,0.167,5.0,7.0,0.714,2.0,15.0,17.0,5.0,1.0,2.0,1.0,5.0,20.0,16.8,2022-11-18,0.43327556325823224,27.0,kristaps_porzingis
34.0,1.0,4.0,19.0,0.211,2.0,8.0,0.25,2.0,2.0,1.0,4.0,4.0,8.0,2.0,1.0,5.0,4.0,5.0,12.0,4.2,2022-11-20,0.3018108651911469,21.0,kristaps_porzingis
33.0,1.0,8.0,19.0,0.421,2.0,9.0,0.222,3.0,6.0,0.5,1.0,8.0,9.0,4.0,0.0,0.0,3.0,5.0,21.0,10.6,2022-11-23,0.4852125693160813,25.0,kristaps_porzingis
35.0,1.0,7.0,18.0,0.389,1.0,4.0,0.25,3.0,3.0,1.0,2.0,5.0,7.0,1.0,0.0,2.0,1.0,3.0,18.0,11.0,2022-11-25,0.4658385093167702,21.0,kristaps_porzingis
26.0,1.0,7.0,11.0,0.636,0.0,1.0,0.0,7.0,8.0,0.875,0.0,4.0,4.0,2.0,0.0,0.0,1.0,2.0,21.0,16.5,2022-11-27,0.7231404958677686,19.0,kristaps_porzingis
30.0,1.0,12.0,18.0,0.667,6.0,10.0,0.6,11.0,11.0,1.0,2.0,2.0,4.0,3.0,2.0,3.0,1.0,3.0,41.0,39.2,2022-11-28,0.8975481611208407,29.0,kristaps_porzingis
37.0,1.0,8.0,14.0,0.571,2.0,3.0,0.667,9.0,14.0,0.643,4.0,15.0,19.0,0.0,1.0,2.0,2.0,2.0,27.0,25.3,2022-11-30,0.6696428571428571,28.0,kristaps_porzingis
36.0,1.0,5.0,14.0,0.357,0.0,6.0,0.0,11.0,13.0,0.846,4.0,7.0,11.0,3.0,1.0,1.0,4.0,3.0,21.0,15.9,2022-12-02,0.5324543610547667,27.0,kristaps_porzingis
33.0,1.0,11.0,25.0,0.44,1.0,6.0,0.167,4.0,6.0,0.667,1.0,8.0,9.0,3.0,2.0,1.0,0.0,2.0,27.0,20.2,2022-12-04,0.48842257597684513,31.0,kristaps_porzingis
34.0,1.0,8.0,17.0,0.471,0.0,6.0,0.0,12.0,16.0,0.75,1.0,8.0,9.0,4.0,2.0,2.0,5.0,4.0,28.0,20.4,2022-12-07,0.5823627287853578,33.0,kristaps_porzingis
34.0,1.0,11.0,13.0,0.846,1.0,2.0,0.5,6.0,8.0,0.75,2.0,7.0,9.0,2.0,0.0,2.0,4.0,1.0,29.0,25.4,2022-12-09,0.87772397094431,21.0,kristaps_porzingis
37.0,1.0,8.0,20.0,0.4,2.0,4.0,0.5,12.0,13.0,0.923,0.0,15.0,15.0,5.0,0.0,2.0,3.0,3.0,30.0,24.0,2022-12-10,0.583203732503888,33.0,kristaps_porzingis
24.0,1.0,7.0,11.0,0.636,0.0,1.0,0.0,6.0,6.0,1.0,0.0,3.0,3.0,1.0,2.0,1.0,5.0,2.0,20.0,13.6,2022-12-12,0.7331378299120235,17.0,kristaps_porzingis
35.0,1.0,8.0,19.0,0.421,0.0,3.0,0.0,3.0,4.0,0.75,1.0,6.0,7.0,2.0,4.0,0.0,2.0,2.0,19.0,13.6,2022-12-17,0.4576107899807321,23.0,kristaps_porzingis
37.0,1.0,7.0,18.0,0.389,2.0,9.0,0.222,5.0,7.0,0.714,4.0,7.0,11.0,5.0,2.0,1.0,2.0,2.0,21.0,18.7,2022-12-18,0.49810246679316894,25.0,kristaps_porzingis
34.0,1.0,2.0,11.0,0.182,0.0,3.0,0.0,3.0,5.0,0.6,2.0,11.0,13.0,1.0,1.0,2.0,0.0,3.0,7.0,5.9,2022-12-23,0.26515151515151514,16.0,kristaps_porzingis
34.0,1.0,7.0,15.0,0.467,3.0,5.0,0.6,7.0,9.0,0.778,3.0,7.0,10.0,1.0,2.0,3.0,2.0,2.0,24.0,21.7,2022-12-27,0.6329113924050632,24.0,kristaps_porzingis
33.0,1.0,8.0,15.0,0.533,2.0,6.0,0.333,4.0,4.0,1.0,1.0,5.0,6.0,2.0,1.0,1.0,3.0,2.0,22.0,16.2,2022-12-28,0.6563245823389021,19.0,kristaps_porzingis
35.0,1.0,9.0,13.0,0.692,3.0,6.0,0.5,9.0,11.0,0.818,2.0,11.0,13.0,2.0,1.0,4.0,5.0,4.0,30.0,27.0,2022-12-30,0.8408071748878924,24.0,kristaps_porzingis
29.0,1.0,9.0,16.0,0.563,0.0,5.0,0.0,4.0,4.0,1.0,1.0,4.0,5.0,0.0,2.0,2.0,2.0,3.0,22.0,16.5,2023-01-01,0.6193693693693693,20.0,kristaps_porzingis
34.0,1.0,7.0,13.0,0.538,2.0,5.0,0.4,6.0,6.0,1.0,1.0,8.0,9.0,4.0,1.0,1.0,3.0,5.0,22.0,18.3,2023-01-03,0.7033248081841432,19.0,kristaps_porzingis
24.0,1.0,3.0,11.0,0.273,0.0,2.0,0.0,8.0,10.0,0.8,3.0,7.0,10.0,0.0,0.0,0.0,3.0,0.0,14.0,7.9,2023-01-06,0.45454545454545453,21.0,kristaps_porzingis
33.0,1.0,8.0,16.0,0.5,3.0,5.0,0.6,4.0,4.0,1.0,3.0,7.0,10.0,1.0,0.0,0.0,1.0,0.0,23.0,18.9,2023-01-09,0.6475225225225225,20.0,kristaps_porzingis
34.0,1.0,6.0,19.0,0.316,4.0,8.0,0.5,5.0,6.0,0.833,1.0,3.0,4.0,1.0,0.0,0.0,2.0,4.0,21.0,8.4,2023-01-13,0.4852125693160813,25.0,kristaps_porzingis
36.0,1.0,9.0,15.0,0.6,3.0,7.0,0.429,11.0,12.0,0.917,0.0,5.0,5.0,3.0,1.0,2.0,1.0,3.0,32.0,28.5,2023-01-16,0.7889546351084812,27.0,kristaps_porzingis
32.0,1.0,6.0,17.0,0.353,4.0,9.0,0.444,6.0,6.0,1.0,5.0,6.0,11.0,5.0,0.0,2.0,3.0,6.0,22.0,17.3,2023-01-18,0.560081466395112,23.0,kristaps_porzingis
22.0,1.0,3.0,10.0,0.3,1.0,3.0,0.333,10.0,10.0,1.0,1.0,5.0,6.0,0.0,0.0,1.0,2.0,2.0,17.0,11.3,2023-01-21,0.5902777777777778,20.0,kristaps_porzingis
30.0,1.0,7.0,13.0,0.538,1.0,3.0,0.333,2.0,2.0,1.0,1.0,8.0,9.0,7.0,3.0,5.0,2.0,5.0,17.0,21.2,2023-01-30,0.6123919308357348,15.0,kristaps_porzingis
35.0,1.0,9.0,15.0,0.6,3.0,6.0,0.5,11.0,12.0,0.917,0.0,8.0,8.0,4.0,0.0,1.0,1.0,5.0,32.0,27.6,2023-02-03,0.7889546351084812,27.0,kristaps_porzingis
32.0,1.0,11.0,20.0,0.55,4.0,5.0,0.8,12.0,13.0,0.923,1.0,4.0,5.0,2.0,0.0,2.0,5.0,6.0,38.0,25.3,2023-02-04,0.7387247278382582,33.0,kristaps_porzingis
26.0,1.0,7.0,13.0,0.538,1.0,6.0,0.167,3.0,3.0,1.0,1.0,6.0,7.0,1.0,0.0,1.0,2.0,3.0,18.0,12.4,2023-02-06,0.6284916201117319,16.0,kristaps_porzingis
35.0,1.0,13.0,22.0,0.591,8.0,14.0,0.571,2.0,3.0,0.667,2.0,7.0,9.0,2.0,0.0,2.0,1.0,2.0,36.0,29.9,2023-02-08,0.7718696397941681,25.0,kristaps_porzingis
32.0,1.0,4.0,8.0,0.5,1.0,3.0,0.333,8.0,8.0,1.0,4.0,6.0,10.0,5.0,0.0,1.0,0.0,2.0,17.0,21.0,2023-02-11,0.7378472222222222,16.0,kristaps_porzingis
35.0,1.0,12.0,16.0,0.75,2.0,3.0,0.667,8.0,8.0,1.0,1.0,6.0,7.0,2.0,1.0,0.0,4.0,1.0,34.0,28.1,2023-02-13,0.8709016393442623,24.0,kristaps_porzingis
29.0,1.0,10.0,15.0,0.667,1.0,3.0,0.333,7.0,7.0,1.0,3.0,9.0,12.0,5.0,0.0,1.0,4.0,5.0,28.0,24.5,2023-02-14,0.7743362831858408,22.0,kristaps_porzingis
31.0,1.0,4.0,12.0,0.333,1.0,3.0,0.333,5.0,7.0,0.714,0.0,5.0,5.0,2.0,2.0,2.0,0.0,3.0,14.0,11.5,2023-02-16,0.46419098143236076,19.0,kristaps_porzingis
35.0,1.0,5.0,10.0,0.5,5.0,9.0,0.556,8.0,8.0,1.0,1.0,5.0,6.0,3.0,0.0,2.0,3.0,2.0,23.0,19.9,2023-02-24,0.8505917159763314,18.0,kristaps_porzingis
35.0,1.0,8.0,12.0,0.667,2.0,4.0,0.5,7.0,7.0,1.0,1.0,4.0,5.0,2.0,1.0,2.0,4.0,4.0,25.0,19.9,2023-03-02,0.8289124668435013,19.0,kristaps_porzingis
39.0,1.0,9.0,14.0,0.643,2.0,2.0,1.0,2.0,3.0,0.667,1.0,10.0,11.0,4.0,2.0,2.0,3.0,1.0,22.0,21.9,2023-03-04,0.7180156657963447,17.0,kristaps_porzingis
36.0,1.0,11.0,29.0,0.379,1.0,8.0,0.125,1.0,1.0,1.0,5.0,8.0,13.0,5.0,0.0,2.0,1.0,4.0,24.0,16.3,2023-03-05,0.4076086956521739,30.0,kristaps_porzingis
31.0,1.0,8.0,15.0,0.533,3.0,7.0,0.429,5.0,6.0,0.833,4.0,3.0,7.0,2.0,0.0,0.0,1.0,6.0,24.0,18.0,2023-03-07,0.6802721088435374,21.0,kristaps_porzingis
37.0,1.0,17.0,22.0,0.773,7.0,10.0,0.7,2.0,3.0,0.667,0.0,5.0,5.0,5.0,0.0,0.0,1.0,5.0,43.0,36.0,2023-03-08,0.9219554030874786,25.0,kristaps_porzingis
31.0,1.0,8.0,18.0,0.444,3.0,7.0,0.429,3.0,5.0,0.6,0.0,9.0,9.0,0.0,1.0,2.0,2.0,4.0,22.0,13.3,2023-03-10,0.5445544554455446,23.0,kristaps_porzingis
25.0,1.0,4.0,15.0,0.267,0.0,3.0,0.0,1.0,2.0,0.5,1.0,5.0,6.0,1.0,1.0,2.0,1.0,4.0,9.0,2.4,2023-03-12,0.28337531486146095,17.0,kristaps_porzingis
30.0,1.0,5.0,15.0,0.333,0.0,6.0,0.0,8.0,8.0,1.0,1.0,6.0,7.0,4.0,3.0,4.0,1.0,2.0,18.0,18.8,2023-03-14,0.4859611231101512,23.0,kristaps_porzingis
31.0,1.0,7.0,16.0,0.438,1.0,5.0,0.2,5.0,5.0,1.0,0.0,9.0,9.0,3.0,2.0,2.0,4.0,1.0,20.0,15.4,2023-03-17,0.5494505494505495,21.0,kristaps_porzingis
38.0,1.0,12.0,22.0,0.545,3.0,7.0,0.429,3.0,3.0,1.0,1.0,5.0,6.0,3.0,1.0,2.0,2.0,3.0,30.0,22.9,2023-03-21,0.6432246998284734,25.0,kristaps_porzingis
22.0,1.0,11.0,17.0,0.647,1.0,3.0,0.333,2.0,2.0,1.0,0.0,3.0,3.0,2.0,0.0,0.0,1.0,3.0,25.0,17.6,2023-03-22,0.6991051454138703,19.0,kristaps_porzingis
27.0,1.0,7.0,11.0,0.636,2.0,3.0,0.667,7.0,7.0,1.0,1.0,8.0,9.0,5.0,0.0,3.0,1.0,0.0,23.0,25.8,2023-03-24,0.8167613636363636,18.0,kristaps_porzingis
33.0,1.0,9.0,17.0,0.529,4.0,7.0,0.571,4.0,5.0,0.8,1.0,5.0,6.0,2.0,2.0,0.0,3.0,2.0,26.0,19.1,2023-03-26,0.6770833333333334,22.0,kristaps_porzingis
33.0,1.0,14.0,21.0,0.667,3.0,5.0,0.6,1.0,1.0,1.0,2.0,11.0,13.0,6.0,1.0,1.0,0.0,1.0,32.0,33.1,2023-03-28,0.7462686567164178,22.0,kristaps_porzingis
37.0,1.0,9.0,17.0,0.529,2.0,7.0,0.286,3.0,3.0,1.0,2.0,3.0,5.0,6.0,0.0,1.0,3.0,2.0,23.0,18.1,2022-10-19,0.6277292576419213,20.0,bradley_beal
36.0,1.0,9.0,14.0,0.643,1.0,2.0,0.5,0.0,0.0,,0.0,1.0,1.0,8.0,0.0,2.0,5.0,2.0,19.0,14.3,2022-10-21,0.6785714285714286,14.0,bradley_beal
41.0,1.0,11.0,16.0,0.688,0.0,1.0,0.0,5.0,7.0,0.714,1.0,3.0,4.0,5.0,2.0,0.0,6.0,3.0,27.0,19.3,2022-10-23,0.7075471698113208,23.0,bradley_beal
21.0,1.0,4.0,9.0,0.444,1.0,4.0,0.25,4.0,4.0,1.0,1.0,3.0,4.0,6.0,0.0,0.0,2.0,2.0,13.0,11.3,2022-10-25,0.604089219330855,13.0,bradley_beal
37.0,1.0,11.0,18.0,0.611,2.0,5.0,0.4,7.0,7.0,1.0,2.0,5.0,7.0,4.0,3.0,1.0,2.0,3.0,31.0,29.0,2022-10-28,0.7352941176470589,25.0,bradley_beal
37.0,1.0,4.0,16.0,0.25,2.0,7.0,0.286,2.0,2.0,1.0,0.0,1.0,1.0,8.0,1.0,1.0,1.0,0.0,12.0,9.0,2022-10-30,0.35545023696682465,18.0,bradley_beal
37.0,1.0,7.0,18.0,0.389,2.0,6.0,0.333,4.0,4.0,1.0,0.0,5.0,5.0,6.0,0.0,1.0,4.0,3.0,20.0,11.4,2022-10-31,0.5060728744939271,22.0,bradley_beal
36.0,1.0,11.0,17.0,0.647,1.0,2.0,0.5,6.0,7.0,0.857,0.0,2.0,2.0,5.0,0.0,0.0,1.0,2.0,29.0,23.4,2022-11-02,0.7221115537848606,24.0,bradley_beal
29.0,1.0,8.0,18.0,0.444,2.0,6.0,0.333,2.0,2.0,1.0,0.0,3.0,3.0,3.0,2.0,1.0,0.0,1.0,20.0,15.9,2022-11-04,0.5296610169491526,20.0,bradley_beal
37.0,1.0,9.0,19.0,0.474,2.0,4.0,0.5,5.0,5.0,1.0,2.0,4.0,6.0,6.0,1.0,1.0,1.0,1.0,25.0,22.4,2022-11-16,0.589622641509434,24.0,bradley_beal
48.0,1.0,9.0,18.0,0.5,5.0,9.0,0.556,4.0,4.0,1.0,0.0,2.0,2.0,8.0,1.0,0.0,7.0,2.0,27.0,17.4,2022-11-18,0.6831983805668016,22.0,bradley_beal
40.0,1.0,11.0,21.0,0.524,3.0,7.0,0.429,1.0,2.0,0.5,0.0,4.0,4.0,5.0,5.0,0.0,5.0,4.0,26.0,18.4,2022-11-20,0.5941499085923218,23.0,bradley_beal
37.0,1.0,11.0,20.0,0.55,4.0,7.0,0.571,2.0,3.0,0.667,2.0,3.0,5.0,5.0,1.0,3.0,1.0,3.0,28.0,24.7,2022-11-25,0.6566604127579737,23.0,bradley_beal
34.0,1.0,11.0,19.0,0.579,0.0,3.0,0.0,8.0,9.0,0.889,1.0,4.0,5.0,4.0,2.0,0.0,2.0,1.0,30.0,25.0,2022-11-27,0.6533101045296167,28.0,bradley_beal
34.0,1.0,9.0,14.0,0.643,1.0,4.0,0.25,3.0,3.0,1.0,0.0,1.0,1.0,5.0,2.0,0.0,3.0,3.0,22.0,17.4,2022-11-28,0.7180156657963447,17.0,bradley_beal
38.0,1.0,9.0,20.0,0.45,1.0,6.0,0.167,6.0,9.0,0.667,3.0,2.0,5.0,6.0,0.0,0.0,5.0,0.0,25.0,15.3,2022-11-30,0.5217028380634391,29.0,bradley_beal
39.0,1.0,12.0,24.0,0.5,2.0,8.0,0.25,7.0,8.0,0.875,1.0,5.0,6.0,7.0,1.0,0.0,3.0,2.0,33.0,24.9,2022-12-02,0.5995639534883721,32.0,bradley_beal
31.0,1.0,9.0,17.0,0.529,0.0,3.0,0.0,11.0,13.0,0.846,1.0,1.0,2.0,3.0,0.0,0.0,3.0,3.0,29.0,18.8,2022-12-18,0.6382042253521127,30.0,bradley_beal
35.0,1.0,8.0,20.0,0.4,0.0,2.0,0.0,11.0,14.0,0.786,2.0,4.0,6.0,6.0,1.0,1.0,2.0,1.0,27.0,21.1,2022-12-20,0.5160550458715596,34.0,bradley_beal
31.0,1.0,13.0,20.0,0.65,0.0,3.0,0.0,4.0,4.0,1.0,1.0,4.0,5.0,5.0,0.0,0.0,2.0,2.0,30.0,23.8,2022-12-22,0.6893382352941176,24.0,bradley_beal
34.0,1.0,10.0,16.0,0.625,2.0,4.0,0.5,2.0,3.0,0.667,0.0,1.0,1.0,4.0,1.0,0.0,3.0,2.0,24.0,16.7,2022-12-23,0.6928406466512702,19.0,bradley_beal
29.0,1.0,8.0,15.0,0.533,3.0,5.0,0.6,0.0,0.0,,1.0,0.0,1.0,5.0,0.0,2.0,3.0,1.0,19.0,13.9,2022-12-27,0.6333333333333333,15.0,bradley_beal
13.0,1.0,3.0,7.0,0.429,0.0,1.0,0.0,2.0,2.0,1.0,1.0,0.0,1.0,4.0,2.0,0.0,2.0,0.0,8.0,7.8,2023-01-03,0.5076142131979695,9.0,bradley_beal
28.0,1.0,7.0,11.0,0.636,1.0,1.0,1.0,3.0,3.0,1.0,1.0,3.0,4.0,4.0,0.0,1.0,2.0,0.0,18.0,16.2,2023-01-18,0.7305194805194805,14.0,bradley_beal
27.0,1.0,7.0,14.0,0.5,2.0,3.0,0.667,1.0,1.0,1.0,1.0,3.0,4.0,8.0,0.0,0.0,1.0,3.0,17.0,15.0,2023-01-21,0.5886426592797784,15.0,bradley_beal
30.0,1.0,7.0,17.0,0.412,2.0,2.0,1.0,6.0,9.0,0.667,0.0,0.0,0.0,4.0,0.0,1.0,2.0,5.0,22.0,11.2,2023-01-24,0.5248091603053435,26.0,bradley_beal
29.0,1.0,7.0,17.0,0.412,0.0,3.0,0.0,3.0,4.0,0.75,0.0,3.0,3.0,4.0,0.0,0.0,2.0,0.0,17.0,9.2,2023-01-25,0.453091684434968,21.0,bradley_beal
32.0,1.0,5.0,17.0,0.294,2.0,6.0,0.333,4.0,5.0,0.8,1.0,3.0,4.0,5.0,0.0,1.0,5.0,1.0,16.0,6.1,2023-01-28,0.4166666666666667,22.0,bradley_beal
29.0,1.0,8.0,14.0,0.571,3.0,6.0,0.5,2.0,2.0,1.0,0.0,7.0,7.0,7.0,0.0,2.0,2.0,1.0,21.0,20.4,2023-01-30,0.7056451612903225,16.0,bradley_beal
32.0,1.0,14.0,25.0,0.56,4.0,10.0,0.4,2.0,2.0,1.0,3.0,0.0,3.0,1.0,0.0,0.0,1.0,3.0,34.0,22.7,2023-02-03,0.6568778979907265,27.0,bradley_beal
32.0,1.0,7.0,15.0,0.467,1.0,5.0,0.2,2.0,2.0,1.0,0.0,4.0,4.0,10.0,1.0,3.0,3.0,2.0,17.0,16.8,2023-02-08,0.535264483627204,17.0,bradley_beal
31.0,1.0,13.0,18.0,0.722,4.0,5.0,0.8,2.0,2.0,1.0,1.0,3.0,4.0,6.0,1.0,1.0,5.0,4.0,32.0,25.5,2023-02-11,0.8474576271186441,20.0,bradley_beal
34.0,1.0,13.0,23.0,0.565,3.0,8.0,0.375,4.0,5.0,0.8,1.0,2.0,3.0,4.0,1.0,0.0,4.0,2.0,33.0,22.0,2023-02-13,0.6547619047619048,28.0,bradley_beal
32.0,1.0,7.0,15.0,0.467,1.0,5.0,0.2,4.0,5.0,0.8,0.0,2.0,2.0,4.0,1.0,0.0,2.0,2.0,19.0,12.5,2023-02-14,0.5523255813953488,20.0,bradley_beal
34.0,1.0,14.0,28.0,0.5,4.0,8.0,0.5,3.0,3.0,1.0,1.0,5.0,6.0,5.0,3.0,0.0,4.0,2.0,35.0,24.9,2023-02-16,0.596862210095498,31.0,bradley_beal
35.0,1.0,6.0,14.0,0.429,1.0,4.0,0.25,3.0,3.0,1.0,0.0,2.0,2.0,8.0,1.0,2.0,5.0,4.0,16.0,10.6,2023-02-24,0.5221932114882506,17.0,bradley_beal
36.0,1.0,7.0,17.0,0.412,1.0,3.0,0.333,3.0,7.0,0.429,1.0,6.0,7.0,8.0,0.0,0.0,3.0,0.0,18.0,12.4,2023-02-26,0.4482071713147411,24.0,bradley_beal
35.0,1.0,17.0,30.0,0.567,1.0,4.0,0.25,2.0,2.0,1.0,0.0,3.0,3.0,7.0,1.0,0.0,2.0,2.0,37.0,26.8,2023-02-28,0.5990932642487047,32.0,bradley_beal
35.0,1.0,5.0,14.0,0.357,3.0,4.0,0.75,2.0,3.0,0.667,0.0,5.0,5.0,5.0,0.0,0.0,4.0,3.0,15.0,6.6,2023-03-02,0.489556135770235,17.0,bradley_beal
41.0,1.0,7.0,22.0,0.318,2.0,3.0,0.667,5.0,6.0,0.833,2.0,2.0,4.0,10.0,0.0,2.0,5.0,0.0,21.0,13.4,2023-03-04,0.42613636363636365,28.0,bradley_beal
35.0,1.0,15.0,32.0,0.469,0.0,5.0,0.0,3.0,3.0,1.0,2.0,7.0,9.0,2.0,1.0,0.0,2.0,5.0,33.0,18.5,2023-03-05,0.4951980792316927,35.0,bradley_beal
37.0,1.0,14.0,21.0,0.667,1.0,2.0,0.5,3.0,5.0,0.6,1.0,6.0,7.0,7.0,1.0,1.0,4.0,1.0,32.0,26.8,2023-03-07,0.6896551724137931,26.0,bradley_beal
36.0,1.0,8.0,19.0,0.421,0.0,2.0,0.0,8.0,9.0,0.889,1.0,2.0,3.0,8.0,3.0,1.0,5.0,3.0,24.0,17.9,2023-03-08,0.5226480836236934,28.0,bradley_beal
37.0,1.0,11.0,24.0,0.458,1.0,5.0,0.2,4.0,4.0,1.0,1.0,5.0,6.0,5.0,2.0,1.0,2.0,3.0,27.0,19.8,2023-03-10,0.5240683229813664,28.0,bradley_beal
29.0,1.0,5.0,12.0,0.417,0.0,2.0,0.0,3.0,3.0,1.0,0.0,1.0,1.0,4.0,1.0,1.0,2.0,3.0,13.0,8.2,2023-03-12,0.487987987987988,15.0,bradley_beal
32.0,1.0,8.0,18.0,0.444,1.0,3.0,0.333,5.0,7.0,0.714,1.0,7.0,8.0,5.0,1.0,1.0,3.0,3.0,22.0,15.6,2023-03-17,0.5218216318785579,25.0,bradley_beal
32.0,1.0,8.0,17.0,0.471,2.0,4.0,0.5,2.0,2.0,1.0,0.0,3.0,3.0,2.0,0.0,0.0,4.0,3.0,20.0,8.4,2023-03-18,0.5592841163310962,19.0,bradley_beal
31.0,1.0,4.0,15.0,0.267,0.0,4.0,0.0,8.0,10.0,0.8,2.0,3.0,5.0,7.0,0.0,0.0,2.0,6.0,16.0,9.1,2023-03-21,0.4123711340206186,25.0,bradley_beal
26.0,0.0,5.0,10.0,0.5,3.0,6.0,0.5,4.0,5.0,0.8,2.0,7.0,9.0,2.0,2.0,0.0,0.0,5.0,17.0,16.5,2023-04-04,0.6967213114754098,15.0,jay_huff
23.0,0.0,4.0,7.0,0.571,1.0,2.0,0.5,4.0,4.0,1.0,2.0,2.0,4.0,2.0,0.0,1.0,2.0,5.0,13.0,9.8,2023-04-07,0.7420091324200914,11.0,jay_huff
23.0,0.0,5.0,9.0,0.556,3.0,6.0,0.5,0.0,0.0,,0.0,3.0,3.0,2.0,1.0,0.0,3.0,2.0,13.0,8.2,2022-10-18,0.7222222222222222,9.0,kendrick_nunn
19.0,0.0,4.0,12.0,0.333,1.0,4.0,0.25,0.0,0.0,,0.0,4.0,4.0,1.0,0.0,0.0,3.0,1.0,9.0,0.7,2022-10-26,0.375,12.0,kendrick_nunn
12.0,0.0,4.0,9.0,0.444,1.0,4.0,0.25,0.0,1.0,0.0,0.0,2.0,2.0,0.0,0.0,0.0,1.0,0.0,9.0,3.5,2022-10-28,0.4766949152542373,10.0,kendrick_nunn
26.0,1.0,7.0,11.0,0.636,2.0,4.0,0.5,2.0,2.0,1.0,0.0,1.0,1.0,1.0,0.0,0.0,3.0,0.0,18.0,11.1,2022-11-07,0.7575757575757576,13.0,kendrick_nunn
20.0,0.0,4.0,8.0,0.5,3.0,6.0,0.5,2.0,2.0,1.0,0.0,3.0,3.0,2.0,0.0,0.0,4.0,0.0,13.0,7.3,2022-11-20,0.7319819819819819,10.0,kendrick_nunn
15.0,0.0,3.0,9.0,0.333,1.0,5.0,0.2,2.0,2.0,1.0,0.0,1.0,1.0,1.0,0.0,0.0,1.0,0.0,9.0,3.9,2022-11-25,0.4554655870445344,11.0,kendrick_nunn
15.0,0.0,3.0,6.0,0.5,1.0,2.0,0.5,0.0,0.0,,0.0,1.0,1.0,1.0,0.0,0.0,0.0,2.0,7.0,4.2,2022-11-26,0.5833333333333334,6.0,kendrick_nunn
11.0,0.0,1.0,5.0,0.2,1.0,2.0,0.5,2.0,2.0,1.0,0.0,2.0,2.0,0.0,0.0,0.0,0.0,0.0,5.0,2.5,2022-11-28,0.4251700680272109,7.0,kendrick_nunn
14.0,0.0,2.0,6.0,0.333,0.0,2.0,0.0,0.0,0.0,,0.0,1.0,1.0,2.0,0.0,0.0,1.0,2.0,4.0,0.5,2022-11-30,0.3333333333333333,6.0,kendrick_nunn
21.0,0.0,6.0,13.0,0.462,1.0,5.0,0.2,2.0,2.0,1.0,0.0,2.0,2.0,1.0,3.0,0.0,1.0,3.0,15.0,10.4,2022-12-07,0.5403458213256483,15.0,kendrick_nunn
19.0,0.0,6.0,12.0,0.5,3.0,6.0,0.5,2.0,2.0,1.0,0.0,1.0,1.0,0.0,1.0,0.0,1.0,1.0,17.0,10.9,2022-12-19,0.6599378881987578,14.0,kendrick_nunn
14.0,0.0,4.0,9.0,0.444,1.0,3.0,0.333,0.0,0.0,,2.0,1.0,3.0,0.0,0.0,0.0,0.0,0.0,9.0,6.0,2023-01-04,0.5,9.0,kendrick_nunn
26.0,0.0,9.0,16.0,0.563,3.0,7.0,0.429,2.0,2.0,1.0,0.0,3.0,3.0,2.0,1.0,0.0,0.0,1.0,23.0,18.3,2023-01-06,0.6812796208530806,18.0,kendrick_nunn
13.0,0.0,1.0,3.0,0.333,0.0,1.0,0.0,0.0,0.0,,0.0,0.0,0.0,0.0,1.0,0.0,1.0,0.0,2.0,0.3,2023-01-07,0.3333333333333333,3.0,kendrick_nunn
23.0,0.0,6.0,15.0,0.4,2.0,7.0,0.286,1.0,2.0,0.5,1.0,0.0,1.0,1.0,3.0,0.0,2.0,3.0,15.0,7.7,2023-01-09,0.4722921914357682,17.0,kendrick_nunn
19.0,0.0,4.0,11.0,0.364,3.0,8.0,0.375,1.0,2.0,0.5,0.0,1.0,1.0,1.0,0.0,0.0,0.0,0.0,12.0,6.5,2023-01-12,0.505050505050505,13.0,kendrick_nunn
19.0,0.0,2.0,3.0,0.667,0.0,0.0,,0.0,0.0,,0.0,2.0,2.0,3.0,0.0,0.0,0.0,1.0,4.0,5.0,2023-01-15,0.6666666666666666,3.0,kendrick_nunn
23.0,0.0,7.0,12.0,0.583,1.0,5.0,0.2,0.0,0.0,,0.0,2.0,2.0,1.0,0.0,0.0,0.0,0.0,15.0,10.7,2023-01-16,0.625,12.0,kendrick_nunn
16.0,0.0,5.0,8.0,0.625,4.0,6.0,0.667,0.0,0.0,,0.0,1.0,1.0,0.0,0.0,1.0,0.0,4.0,14.0,9.8,2023-01-18,0.875,8.0,kendrick_nunn
21.0,0.0,4.0,10.0,0.4,3.0,9.0,0.333,0.0,0.0,,0.0,5.0,5.0,0.0,0.0,1.0,1.0,4.0,11.0,5.2,2023-01-20,0.55,10.0,kendrick_nunn
15.0,0.0,2.0,5.0,0.4,0.0,2.0,0.0,1.0,2.0,0.5,1.0,5.0,6.0,1.0,0.0,0.0,0.0,0.0,5.0,4.8,2023-01-22,0.4251700680272109,7.0,kendrick_nunn
22.0,0.0,5.0,9.0,0.556,2.0,5.0,0.4,0.0,0.0,,2.0,2.0,4.0,4.0,2.0,0.0,0.0,1.0,12.0,14.1,2023-01-25,0.6666666666666666,9.0,kendrick_nunn
17.0,0.0,5.0,13.0,0.385,2.0,7.0,0.286,0.0,0.0,,0.0,2.0,2.0,0.0,0.0,0.0,1.0,2.0,12.0,3.7,2023-01-28,0.46153846153846156,13.0,kendrick_nunn
20.0,0.0,5.0,11.0,0.455,1.0,3.0,0.333,1.0,1.0,1.0,1.0,2.0,3.0,2.0,1.0,0.0,0.0,1.0,12.0,9.6,2023-01-30,0.5244755244755245,12.0,kendrick_nunn
17.0,0.0,2.0,5.0,0.4,2.0,4.0,0.5,0.0,0.0,,0.0,2.0,2.0,3.0,0.0,0.0,1.0,2.0,6.0,4.2,2023-02-03,0.6,5.0,kendrick_nunn
20.0,0.0,1.0,4.0,0.25,0.0,1.0,0.0,3.0,3.0,1.0,0.0,1.0,1.0,1.0,1.0,0.0,4.0,2.0,5.0,-0.2,2023-02-04,0.4699248120300752,7.0,kendrick_nunn
15.0,0.0,3.0,6.0,0.5,0.0,1.0,0.0,2.0,2.0,1.0,0.0,0.0,0.0,3.0,1.0,0.0,2.0,2.0,8.0,5.3,2023-02-06,0.5813953488372093,8.0,kendrick_nunn
22.0,0.0,4.0,8.0,0.5,2.0,4.0,0.5,0.0,0.0,,0.0,3.0,3.0,6.0,1.0,0.0,1.0,1.0,10.0,10.7,2023-02-11,0.625,8.0,kendrick_nunn
29.0,0.0,5.0,7.0,0.714,2.0,3.0,0.667,1.0,2.0,0.5,0.0,2.0,2.0,6.0,1.0,0.0,1.0,1.0,13.0,14.1,2023-02-13,0.8248730964467005,9.0,kendrick_nunn
12.0,0.0,1.0,2.0,0.5,1.0,2.0,0.5,0.0,0.0,,0.0,2.0,2.0,2.0,1.0,0.0,0.0,0.0,3.0,5.0,2023-02-16,0.75,2.0,kendrick_nunn
14.0,0.0,2.0,7.0,0.286,0.0,2.0,0.0,0.0,0.0,,0.0,1.0,1.0,1.0,0.0,0.0,1.0,0.0,4.0,-0.1,2023-02-26,0.2857142857142857,7.0,kendrick_nunn
15.0,0.0,4.0,8.0,0.5,0.0,2.0,0.0,0.0,0.0,,1.0,1.0,2.0,1.0,0.0,0.0,1.0,2.0,8.0,3.9,2023-02-28,0.5,8.0,kendrick_nunn
17.0,0.0,5.0,13.0,0.385,2.0,7.0,0.286,0.0,0.0,,0.0,1.0,1.0,2.0,0.0,0.0,0.0,1.0,12.0,6.2,2023-03-28,0.46153846153846156,13.0,kendrick_nunn
13.0,0.0,5.0,10.0,0.5,2.0,5.0,0.4,0.0,0.0,,0.0,3.0,3.0,2.0,1.0,1.0,2.0,4.0,12.0,7.4,2023-03-31,0.6,10.0,kendrick_nunn
13.0,0.0,4.0,6.0,0.667,3.0,4.0,0.75,0.0,0.0,,0.0,2.0,2.0,0.0,1.0,0.0,3.0,0.0,11.0,7.0,2023-04-02,0.9166666666666666,6.0,kendrick_nunn
22.0,0.0,9.0,17.0,0.529,5.0,6.0,0.833,1.0,2.0,0.5,1.0,6.0,7.0,6.0,2.0,1.0,1.0,2.0,24.0,22.9,2023-04-04,0.6711409395973155,19.0,kendrick_nunn
26.0,0.0,7.0,17.0,0.412,1.0,6.0,0.167,0.0,0.0,,0.0,1.0,1.0,4.0,0.0,0.0,1.0,2.0,15.0,7.2,2023-04-05,0.4411764705882353,17.0,kendrick_nunn
16.0,0.0,1.0,6.0,0.167,1.0,5.0,0.2,4.0,4.0,1.0,1.0,1.0,2.0,3.0,0.0,0.0,2.0,1.0,7.0,3.9,2023-04-07,0.45103092783505155,10.0,kendrick_nunn
21.0,0.0,4.0,9.0,0.444,2.0,4.0,0.5,2.0,2.0,1.0,1.0,4.0,5.0,3.0,1.0,2.0,4.0,2.0,12.0,8.9,2023-04-09,0.6072874493927125,11.0,kendrick_nunn
18.0,0.0,3.0,4.0,0.75,0.0,1.0,0.0,0.0,0.0,,0.0,2.0,2.0,2.0,1.0,1.0,1.0,1.0,6.0,6.7,2022-10-30,0.75,4.0,jordan_goodwin
26.0,0.0,4.0,7.0,0.571,1.0,4.0,0.25,0.0,0.0,,4.0,4.0,8.0,5.0,2.0,1.0,0.0,3.0,9.0,14.7,2022-11-06,0.6428571428571429,7.0,jordan_goodwin
28.0,0.0,1.0,4.0,0.25,0.0,1.0,0.0,0.0,0.0,,1.0,6.0,7.0,6.0,1.0,0.0,2.0,2.0,2.0,4.5,2022-11-10,0.25,4.0,jordan_goodwin
20.0,0.0,3.0,8.0,0.375,3.0,3.0,1.0,0.0,0.0,,1.0,1.0,2.0,2.0,1.0,2.0,0.0,3.0,9.0,8.2,2022-11-12,0.5625,8.0,jordan_goodwin
26.0,0.0,3.0,7.0,0.429,3.0,4.0,0.75,1.0,2.0,0.5,1.0,7.0,8.0,4.0,1.0,1.0,0.0,2.0,10.0,12.4,2022-11-13,0.6345177664974619,9.0,jordan_goodwin
19.0,0.0,2.0,3.0,0.667,0.0,0.0,,0.0,0.0,,2.0,1.0,3.0,1.0,0.0,1.0,3.0,2.0,4.0,2.0,2022-11-16,0.6666666666666666,3.0,jordan_goodwin
24.0,0.0,2.0,4.0,0.5,1.0,1.0,1.0,0.0,2.0,0.0,1.0,1.0,2.0,1.0,0.0,3.0,1.0,2.0,5.0,4.2,2022-11-20,0.5122950819672131,6.0,jordan_goodwin
24.0,1.0,3.0,7.0,0.429,1.0,2.0,0.5,1.0,3.0,0.333,0.0,1.0,1.0,3.0,1.0,0.0,0.0,2.0,8.0,6.1,2022-11-23,0.4807692307692307,10.0,jordan_goodwin
25.0,0.0,2.0,4.0,0.5,1.0,2.0,0.5,2.0,2.0,1.0,1.0,5.0,6.0,2.0,2.0,0.0,2.0,3.0,7.0,7.4,2022-11-25,0.7172131147540983,6.0,jordan_goodwin
24.0,0.0,4.0,8.0,0.5,0.0,3.0,0.0,1.0,2.0,0.5,0.0,1.0,1.0,2.0,2.0,1.0,0.0,3.0,9.0,7.8,2022-11-27,0.5067567567567567,10.0,jordan_goodwin
22.0,0.0,5.0,6.0,0.833,0.0,0.0,,0.0,0.0,,0.0,3.0,3.0,6.0,1.0,0.0,2.0,2.0,10.0,11.1,2022-11-28,0.8333333333333334,6.0,jordan_goodwin
19.0,0.0,1.0,5.0,0.2,0.0,1.0,0.0,3.0,3.0,1.0,2.0,3.0,5.0,3.0,0.0,0.0,1.0,1.0,5.0,4.9,2022-11-30,0.39556962025316456,8.0,jordan_goodwin
14.0,0.0,1.0,5.0,0.2,1.0,1.0,1.0,0.0,0.0,,3.0,3.0,6.0,1.0,0.0,0.0,1.0,2.0,3.0,1.8,2022-12-02,0.3,5.0,jordan_goodwin
25.0,0.0,3.0,9.0,0.333,1.0,2.0,0.5,1.0,1.0,1.0,2.0,5.0,7.0,3.0,2.0,1.0,1.0,3.0,8.0,8.4,2022-12-04,0.42372881355932207,10.0,jordan_goodwin
12.0,0.0,2.0,6.0,0.333,0.0,1.0,0.0,0.0,0.0,,1.0,3.0,4.0,1.0,1.0,0.0,1.0,0.0,4.0,2.9,2022-12-07,0.3333333333333333,6.0,jordan_goodwin
33.0,0.0,6.0,10.0,0.6,3.0,5.0,0.6,4.0,4.0,1.0,2.0,2.0,4.0,3.0,5.0,0.0,2.0,2.0,19.0,20.7,2022-12-09,0.8078231292517007,14.0,jordan_goodwin
38.0,1.0,6.0,13.0,0.462,2.0,5.0,0.4,3.0,4.0,0.75,2.0,2.0,4.0,6.0,6.0,0.0,1.0,3.0,17.0,19.9,2022-12-10,0.575880758807588,17.0,jordan_goodwin
35.0,1.0,5.0,9.0,0.556,0.0,2.0,0.0,1.0,2.0,0.5,0.0,4.0,4.0,7.0,2.0,0.0,3.0,1.0,11.0,11.0,2022-12-12,0.5566801619433198,11.0,jordan_goodwin
20.0,0.0,5.0,12.0,0.417,1.0,4.0,0.25,1.0,2.0,0.5,1.0,0.0,1.0,6.0,0.0,1.0,2.0,1.0,12.0,8.4,2022-12-14,0.4658385093167702,14.0,jordan_goodwin
22.0,0.0,2.0,7.0,0.286,0.0,2.0,0.0,3.0,3.0,1.0,3.0,5.0,8.0,3.0,3.0,0.0,1.0,3.0,7.0,9.4,2022-12-17,0.4206730769230769,10.0,jordan_goodwin
19.0,0.0,3.0,5.0,0.6,0.0,1.0,0.0,1.0,1.0,1.0,0.0,7.0,7.0,5.0,0.0,0.0,0.0,2.0,7.0,9.5,2022-12-18,0.6433823529411764,6.0,jordan_goodwin
15.0,0.0,5.0,9.0,0.556,1.0,2.0,0.5,0.0,0.0,,0.0,5.0,5.0,2.0,0.0,1.0,2.0,2.0,11.0,7.5,2022-12-22,0.6111111111111112,9.0,jordan_goodwin
21.0,0.0,4.0,6.0,0.667,1.0,2.0,0.5,0.0,0.0,,1.0,1.0,2.0,1.0,1.0,1.0,2.0,2.0,9.0,7.0,2023-01-06,0.75,6.0,jordan_goodwin
13.0,0.0,2.0,6.0,0.333,2.0,3.0,0.667,0.0,0.0,,0.0,0.0,0.0,2.0,0.0,1.0,1.0,3.0,6.0,2.5,2023-01-11,0.5,6.0,jordan_goodwin
25.0,1.0,2.0,12.0,0.167,1.0,5.0,0.2,0.0,0.0,,1.0,4.0,5.0,3.0,1.0,1.0,0.0,3.0,5.0,1.9,2023-01-13,0.20833333333333334,12.0,jordan_goodwin
14.0,0.0,1.0,2.0,0.5,0.0,1.0,0.0,1.0,1.0,1.0,0.0,2.0,2.0,1.0,1.0,0.0,0.0,1.0,3.0,3.9,2023-01-16,0.6147540983606558,3.0,jordan_goodwin
14.0,0.0,1.0,4.0,0.25,1.0,1.0,1.0,2.0,2.0,1.0,0.0,1.0,1.0,2.0,2.0,0.0,0.0,0.0,5.0,6.3,2023-01-25,0.5122950819672131,6.0,jordan_goodwin
17.0,0.0,2.0,6.0,0.333,0.0,1.0,0.0,0.0,0.0,,1.0,1.0,2.0,0.0,1.0,2.0,1.0,2.0,4.0,2.2,2023-02-08,0.3333333333333333,6.0,jordan_goodwin
18.0,0.0,2.0,3.0,0.667,0.0,0.0,,2.0,2.0,1.0,1.0,0.0,1.0,4.0,2.0,0.0,0.0,2.0,6.0,9.4,2023-02-28,0.7731958762886598,5.0,jordan_goodwin
12.0,0.0,2.0,3.0,0.667,1.0,2.0,0.5,0.0,0.0,,2.0,3.0,5.0,1.0,0.0,0.0,2.0,1.0,5.0,4.3,2023-03-02,0.8333333333333334,3.0,jordan_goodwin
20.0,0.0,3.0,4.0,0.75,0.0,1.0,0.0,1.0,1.0,1.0,2.0,1.0,3.0,2.0,0.0,0.0,2.0,1.0,7.0,6.1,2023-03-04,0.7882882882882882,5.0,jordan_goodwin
16.0,0.0,3.0,4.0,0.75,0.0,0.0,,0.0,0.0,,0.0,3.0,3.0,6.0,0.0,1.0,0.0,3.0,6.0,9.0,2023-03-07,0.75,4.0,jordan_goodwin
12.0,0.0,1.0,3.0,0.333,0.0,1.0,0.0,0.0,0.0,,0.0,2.0,2.0,0.0,0.0,0.0,1.0,2.0,2.0,-0.9,2023-03-14,0.3333333333333333,3.0,jordan_goodwin
19.0,0.0,2.0,4.0,0.5,0.0,2.0,0.0,3.0,5.0,0.6,1.0,2.0,3.0,3.0,1.0,0.0,0.0,3.0,7.0,7.4,2023-03-21,0.564516129032258,9.0,jordan_goodwin
18.0,0.0,5.0,8.0,0.625,0.0,3.0,0.0,2.0,2.0,1.0,0.0,4.0,4.0,1.0,0.0,0.0,1.0,1.0,12.0,8.9,2023-03-22,0.6756756756756757,10.0,jordan_goodwin
30.0,0.0,6.0,11.0,0.545,1.0,4.0,0.25,4.0,5.0,0.8,2.0,3.0,5.0,5.0,2.0,0.0,0.0,1.0,17.0,18.7,2023-03-24,0.6439393939393939,16.0,jordan_goodwin
20.0,0.0,4.0,9.0,0.444,1.0,3.0,0.333,0.0,0.0,,1.0,3.0,4.0,2.0,0.0,1.0,2.0,1.0,9.0,5.6,2023-03-26,0.5,9.0,jordan_goodwin
11.0,0.0,1.0,3.0,0.333,0.0,1.0,0.0,0.0,0.0,,0.0,0.0,0.0,3.0,1.0,0.0,0.0,0.0,2.0,3.4,2023-03-28,0.3333333333333333,3.0,jordan_goodwin
17.0,0.0,2.0,9.0,0.222,1.0,5.0,0.2,2.0,2.0,1.0,2.0,3.0,5.0,5.0,1.0,0.0,2.0,1.0,7.0,5.9,2023-03-31,0.35425101214574894,11.0,jordan_goodwin
24.0,0.0,5.0,11.0,0.455,1.0,3.0,0.333,0.0,0.0,,3.0,4.0,7.0,6.0,1.0,0.0,0.0,2.0,11.0,13.0,2023-04-02,0.5,11.0,jordan_goodwin
28.0,1.0,6.0,16.0,0.375,2.0,4.0,0.5,0.0,0.0,,1.0,3.0,4.0,9.0,0.0,1.0,3.0,2.0,14.0,10.0,2023-04-04,0.4375,16.0,jordan_goodwin
29.0,1.0,4.0,10.0,0.4,0.0,3.0,0.0,2.0,2.0,1.0,0.0,2.0,2.0,6.0,4.0,1.0,1.0,2.0,10.0,12.3,2023-04-05,0.45955882352941174,12.0,jordan_goodwin
19.0,0.0,3.0,9.0,0.333,0.0,3.0,0.0,0.0,0.0,,2.0,7.0,9.0,4.0,0.0,0.0,1.0,0.0,6.0,6.2,2023-04-07,0.3333333333333333,9.0,jordan_goodwin
29.0,1.0,8.0,14.0,0.571,3.0,8.0,0.375,3.0,4.0,0.75,0.0,5.0,5.0,5.0,2.0,1.0,4.0,3.0,22.0,17.5,2023-04-09,0.6979695431472082,18.0,jordan_goodwin
